,image_filename,label_image_filename,annotation_image_filename,user_ID,classes_array,num_classes,classes_integer,classes_present_integer,classes_present_array,pen_width,CRF_theta,CRF_mu,CRF_downsample_factor,Classifier_downsample_factor,prob_of_unary_potential,doodle_spatial_density,num_of_scales
0,P26057539-0_SF.npz_image.jpg,P26057539-0_SF.npz_label.png,P26057539-0_SF.npz_annotation.png,SF,"['water', 'sand', 'veg', 'dev']",4,"[1, 2, 3]","[0, 1]","['water', 'sand']",5.0,1.0,73.0,2.0,2.0,0.9,0.21279466666666666,3
1,S21766818-1_SF.npz_image.jpg,S21766818-1_SF.npz_label.png,S21766818-1_SF.npz_annotation.png,SF,"['water', 'sand', 'veg', 'dev']",4,"[1, 2, 3]","[0, 1]","['water', 'sand']",4.0,1.0,45.0,2.0,2.0,0.9,0.243988,3
2,S21775631-0_SF.npz_image.jpg,S21775631-0_SF.npz_label.png,S21775631-0_SF.npz_annotation.png,SF,"['water', 'sand', 'veg', 'dev']",4,"[1, 2, 3]","[0, 1]","['water', 'sand']",5.0,1.0,44.0,2.0,2.0,0.9,0.31808933333333334,3
3,S21769793-0_SF.npz_image.jpg,S21769793-0_SF.npz_label.png,S21769793-0_SF.npz_annotation.png,SF,"['water', 'sand', 'veg', 'dev']",4,"[1, 2, 3]","[0, 1]","['water', 'sand']",4.0,1.0,44.0,2.0,2.0,0.9,0.3275226666666667,3
4,P26054257-0_EBG.npz_image.jpg,P26054257-0_EBG.npz_label.png,P26054257-0_EBG.npz_annotation.png,EBG,"['water', 'sand', 'veg', 'dev']",4,"[1, 2, 3]","[0, 1]","['water', 'sand']",3.0,1.0,1.0,4.0,8.0,3.0,0.056836,3
5,P26060188-2_SF.npz_image.jpg,P26060188-2_SF.npz_label.png,P26060188-2_SF.npz_annotation.png,SF,"['water', 'sand', 'veg', 'dev']",4,"[1, 2, 3]",[1],['sand'],4.0,1.0,1.0,2.0,2.0,0.9,0.0030213333333333333,3
6,P26055969-1_EBG.npz_image.jpg,P26055969-1_EBG.npz_label.png,P26055969-1_EBG.npz_annotation.png,EBG,"['water', 'sand', 'veg', 'dev']",4,"[1, 2, 3]","[0, 1]","['water', 'sand']",3.0,1.0,1.0,4.0,8.0,3.0,0.12725466666666665,3
7,P28462791-0_SF.npz_image.jpg,P28462791-0_SF.npz_label.png,P28462791-0_SF.npz_annotation.png,SF,"['water', 'sand', 'veg', 'dev']",4,"[1, 2, 3]","[0, 1]","['water', 'sand']",1.0,1.0,15.0,2.0,2.0,0.9,0.174276,3
8,P26056706-0_EBG.npz_image.jpg,P26056706-0_EBG.npz_label.png,P26056706-0_EBG.npz_annotation.png,EBG,"['water', 'sand', 'veg', 'dev']",4,"[1, 2, 3]","[0, 1]","['water', 'sand']",3.0,1.0,1.0,4.0,8.0,3.0,0.093368,3
9,S21775133-1_RS.npz_image.jpg,S21775133-1_RS.npz_label.png,S21775133-1_RS.npz_annotation.png,RS,"['water', 'sand', 'veg', 'dev']",4,"[1, 2, 3]","[0, 1]","['water', 'sand']",3.0,1.0,1.0,2.0,2.0,0.9,0.064288,3
10,P26056863-1_RS.npz_image.jpg,P26056863-1_RS.npz_label.png,P26056863-1_RS.npz_annotation.png,RS,"['water', 'sand', 'vegetation', 'development']",4,"[1, 2, 3]","[0, 1]","['water', 'sand']",3.0,1.0,12.0,2.0,2.0,3.0,0.06280533333333334,3
11,S21767107-3_SF.npz_image.jpg,S21767107-3_SF.npz_label.png,S21767107-3_SF.npz_annotation.png,SF,"['water', 'sand', 'veg', 'dev']",4,"[1, 2, 3]","[0, 1]","['water', 'sand']",4.0,1.0,15.0,2.0,2.0,0.9,0.08122133333333334,3
12,P28462771-2_SF.npz_image.jpg,P28462771-2_SF.npz_label.png,P28462771-2_SF.npz_annotation.png,SF,"['water', 'sand', 'veg', 'dev']",4,"[1, 2, 3]",[1],['sand'],5.0,1.0,73.0,2.0,2.0,0.9,0.0029146666666666665,3
13,S21767107-0_SF.npz_image.jpg,S21767107-0_SF.npz_label.png,S21767107-0_SF.npz_annotation.png,SF,"['water', 'sand', 'veg', 'dev']",4,"[1, 2, 3]","[0, 1]","['water', 'sand']",2.0,1.0,45.0,1.0,1.0,0.9,0.16538266666666668,3
14,P26056489-3_SF.npz_image.jpg,P26056489-3_SF.npz_label.png,P26056489-3_SF.npz_annotation.png,SF,"['water', 'sand', 'veg', 'dev']",4,"[1, 2, 3]","[0, 1]","['water', 'sand']",2.0,1.0,1.0,2.0,2.0,0.9,0.173224,3
15,P26058713-0_SF.npz_image.jpg,P26058713-0_SF.npz_label.png,P26058713-0_SF.npz_annotation.png,SF,"['water', 'sand', 'veg', 'dev']",4,"[1, 2, 3]","[0, 1]","['water', 'sand']",5.0,1.0,73.0,2.0,2.0,0.9,0.2679066666666667,3
16,P26059250-3_RS.npz_image.jpg,P26059250-3_RS.npz_label.png,P26059250-3_RS.npz_annotation.png,RS,"['water', 'sand', 'veg', 'dev']",4,"[1, 2, 3]",[1],['sand'],3.0,1.0,1.0,2.0,2.0,0.9,0.033313333333333334,3
17,S21774678-2_SF.npz_image.jpg,S21774678-2_SF.npz_label.png,S21774678-2_SF.npz_annotation.png,SF,"['water', 'sand', 'veg', 'dev']",4,"[1, 2, 3]","[0, 1]","['water', 'sand']",5.0,1.0,28.0,1.0,1.0,0.9,0.093232,3
18,S21774678-1_SF.npz_image.jpg,S21774678-1_SF.npz_label.png,S21774678-1_SF.npz_annotation.png,SF,"['water', 'sand', 'veg', 'dev']",4,"[1, 2, 3]","[0, 1]","['water', 'sand']",3.0,1.0,28.0,1.0,1.0,0.9,0.22996666666666668,3
19,P26058499-0_SF.npz_image.jpg,P26058499-0_SF.npz_label.png,P26058499-0_SF.npz_annotation.png,SF,"['water', 'sand', 'veg', 'dev']",4,"[1, 2, 3]","[0, 1]","['water', 'sand']",2.0,1.0,72.0,2.0,2.0,0.9,0.20064133333333334,3
20,P26055082-0_EBG.npz_image.jpg,P26055082-0_EBG.npz_label.png,P26055082-0_EBG.npz_annotation.png,EBG,"['water', 'sand', 'veg', 'dev']",4,"[1, 2, 3]","[0, 1]","['water', 'sand']",3.0,1.0,1.0,4.0,8.0,3.0,0.053756,3
21,P26056431-0_EBG.npz_image.jpg,P26056431-0_EBG.npz_label.png,P26056431-0_EBG.npz_annotation.png,EBG,"['water', 'sand', 'veg', 'dev']",4,"[1, 2, 3]","[0, 1]","['water', 'sand']",3.0,1.0,1.0,4.0,8.0,3.0,0.08383466666666667,3
22,P26058387-0_SF.npz_image.jpg,P26058387-0_SF.npz_label.png,P26058387-0_SF.npz_annotation.png,SF,"['water', 'sand', 'veg', 'dev']",4,"[1, 2, 3]","[0, 1]","['water', 'sand']",5.0,1.0,72.0,2.0,2.0,0.9,0.224344,3
23,P28460585-2_SF.npz_image.jpg,P28460585-2_SF.npz_label.png,P28460585-2_SF.npz_annotation.png,SF,"['water', 'sand', 'veg', 'dev']",4,"[1, 2, 3]",[1],['sand'],5.0,1.0,73.0,2.0,2.0,0.9,0.003144,3
24,P26057539-1_SF.npz_image.jpg,P26057539-1_SF.npz_label.png,P26057539-1_SF.npz_annotation.png,SF,"['water', 'sand', 'veg', 'dev']",4,"[1, 2, 3]","[0, 1]","['water', 'sand']",5.0,1.0,73.0,2.0,2.0,0.9,0.26159466666666664,3
25,P26056492-0_SF.npz_image.jpg,P26056492-0_SF.npz_label.png,P26056492-0_SF.npz_annotation.png,SF,"['water', 'sand', 'veg', 'dev']",4,"[1, 2, 3]","[0, 1]","['water', 'sand']",2.0,1.0,1.0,2.0,2.0,0.9,0.168044,3
26,P26056060-3_EBG.npz_image.jpg,P26056060-3_EBG.npz_label.png,P26056060-3_EBG.npz_annotation.png,EBG,"['water', 'sand', 'veg', 'dev']",4,"[1, 2, 3]",[1],['sand'],3.0,1.0,1.0,4.0,8.0,3.0,0.03488533333333333,3
27,S21769783-3_SF.npz_image.jpg,S21769783-3_SF.npz_label.png,S21769783-3_SF.npz_annotation.png,SF,"['water', 'sand', 'veg', 'dev']",4,"[1, 2, 3]","[0, 1]","['water', 'sand']",5.0,1.0,44.0,2.0,2.0,0.9,0.11964933333333333,3
28,S21767188-0_SF.npz_image.jpg,S21767188-0_SF.npz_label.png,S21767188-0_SF.npz_annotation.png,SF,"['water', 'sand', 'veg', 'dev']",4,"[1, 2, 3]","[0, 1]","['water', 'sand']",2.0,1.0,45.0,1.0,1.0,0.9,0.13875066666666666,3
29,P26056163-2_RS.npz_image.jpg,P26056163-2_RS.npz_label.png,P26056163-2_RS.npz_annotation.png,RS,"['water', 'sand', 'vegetation', 'development']",4,"[1, 2, 3]","[0, 1]","['water', 'sand']",3.0,1.0,12.0,2.0,2.0,3.0,0.06536666666666667,3
30,S21769790-2_SF.npz_image.jpg,S21769790-2_SF.npz_label.png,S21769790-2_SF.npz_annotation.png,SF,"['water', 'sand', 'veg', 'dev']",4,"[1, 2, 3]","[0, 1]","['water', 'sand']",5.0,1.0,44.0,2.0,2.0,0.9,0.16160666666666668,3
31,P26060188-0_SF.npz_image.jpg,P26060188-0_SF.npz_label.png,P26060188-0_SF.npz_annotation.png,SF,"['water', 'sand', 'veg', 'dev']",4,"[1, 2, 3]","[0, 1]","['water', 'sand']",2.0,1.0,15.0,2.0,2.0,0.9,0.17530133333333334,3
32,P26058139-1_SF.npz_image.jpg,P26058139-1_SF.npz_label.png,P26058139-1_SF.npz_annotation.png,SF,"['water', 'sand', 'veg', 'dev']",4,"[1, 2, 3]","[0, 1]","['water', 'sand']",4.0,1.0,73.0,2.0,2.0,0.9,0.27803733333333336,3
33,P26058152-3_SF.npz_image.jpg,P26058152-3_SF.npz_label.png,P26058152-3_SF.npz_annotation.png,SF,"['water', 'sand', 'veg', 'dev']",4,"[1, 2, 3]","[0, 1]","['water', 'sand']",5.0,1.0,73.0,2.0,2.0,0.9,0.14405066666666666,3
34,P26054257-2_EBG.npz_image.jpg,P26054257-2_EBG.npz_label.png,P26054257-2_EBG.npz_annotation.png,EBG,"['water', 'sand', 'veg', 'dev']",4,"[1, 2, 3]","[0, 1]","['water', 'sand']",3.0,1.0,1.0,4.0,8.0,3.0,0.12959866666666667,3
35,P26047213-1_EBG.npz_image.jpg,P26047213-1_EBG.npz_label.png,P26047213-1_EBG.npz_annotation.png,EBG,"['water', 'sand', 'veg', 'dev']",4,"[1, 2, 3]","[0, 1]","['water', 'sand']",3.0,1.0,1.0,4.0,8.0,3.0,0.0942,3
36,P26058592-1_SF.npz_image.jpg,P26058592-1_SF.npz_label.png,P26058592-1_SF.npz_annotation.png,SF,"['water', 'sand', 'veg', 'dev']",4,"[1, 2, 3]","[0, 1]","['water', 'sand']",4.0,1.0,72.0,2.0,2.0,0.9,0.208824,3
37,S21774678-3_SF.npz_image.jpg,S21774678-3_SF.npz_label.png,S21774678-3_SF.npz_annotation.png,SF,"['water', 'sand', 'veg', 'dev']",4,"[1, 2, 3]",[1],['sand'],5.0,1.0,45.0,1.0,1.0,0.9,0.0038373333333333332,3
38,P26056480-1_EBG.npz_image.jpg,P26056480-1_EBG.npz_label.png,P26056480-1_EBG.npz_annotation.png,EBG,"['water', 'sand', 'veg', 'dev']",4,"[1, 2, 3]","[0, 1]","['water', 'sand']",3.0,1.0,1.0,4.0,8.0,3.0,0.09601333333333334,3
39,P26056784-1_EBG.npz_image.jpg,P26056784-1_EBG.npz_label.png,P26056784-1_EBG.npz_annotation.png,EBG,"['water', 'sand', 'veg', 'dev']",4,"[1, 2, 3]","[0, 1]","['water', 'sand']",3.0,1.0,1.0,4.0,8.0,3.0,0.09626533333333333,3
40,P26054317-0_EBG.npz_image.jpg,P26054317-0_EBG.npz_label.png,P26054317-0_EBG.npz_annotation.png,EBG,"['water', 'sand', 'veg', 'dev']",4,"[1, 2, 3]","[0, 1]","['water', 'sand']",3.0,1.0,1.0,4.0,8.0,3.0,0.08732266666666667,3
41,S21766410-3_RS.npz_image.jpg,S21766410-3_RS.npz_label.png,S21766410-3_RS.npz_annotation.png,RS,"['water', 'sand', 'veg', 'dev']",4,"[1, 2, 3]",[1],['sand'],3.0,1.0,1.0,2.0,2.0,0.9,0.044137333333333334,3
42,P26056458-0_EBG.npz_image.jpg,P26056458-0_EBG.npz_label.png,P26056458-0_EBG.npz_annotation.png,EBG,"['water', 'sand', 'veg', 'dev']",4,"[1, 2, 3]","[0, 1]","['water', 'sand']",3.0,1.0,1.0,4.0,8.0,3.0,0.03770133333333334,3
43,P26056440-1_EBG.npz_image.jpg,P26056440-1_EBG.npz_label.png,P26056440-1_EBG.npz_annotation.png,EBG,"['water', 'sand', 'veg', 'dev']",4,"[1, 2, 3]","[0, 1]","['water', 'sand']",3.0,1.0,1.0,4.0,8.0,3.0,0.09646533333333333,3
44,S28473683-3_RS.npz_image.jpg,S28473683-3_RS.npz_label.png,S28473683-3_RS.npz_annotation.png,RS,"['water', 'sand', 'vegetation', 'development']",4,"[1, 2, 3]",[1],['sand'],3.0,1.0,12.0,2.0,2.0,3.0,0.0185,3
45,P26056489-0_SF.npz_image.jpg,P26056489-0_SF.npz_label.png,P26056489-0_SF.npz_annotation.png,SF,"['water', 'sand', 'veg', 'dev']",4,"[1, 2, 3]","[0, 1]","['water', 'sand']",2.0,1.0,89.0,2.0,2.0,0.9,0.09731866666666666,3
46,P26058167-3_RS.npz_image.jpg,P26058167-3_RS.npz_label.png,P26058167-3_RS.npz_annotation.png,RS,"['water', 'sand', 'vegetation', 'development']",4,"[1, 2, 3]","[0, 1]","['water', 'sand']",3.0,1.0,12.0,2.0,2.0,3.0,0.019290666666666668,3
47,P28462791-3_SF.npz_image.jpg,P28462791-3_SF.npz_label.png,P28462791-3_SF.npz_annotation.png,SF,"['water', 'sand', 'veg', 'dev']",4,"[1, 2, 3]","[0, 1]","['water', 'sand']",2.0,1.0,45.0,1.0,1.0,0.9,0.194264,3
48,P26058502-2_SF.npz_image.jpg,P26058502-2_SF.npz_label.png,P26058502-2_SF.npz_annotation.png,SF,"['water', 'sand', 'veg', 'dev']",4,"[1, 2, 3]","[0, 1]","['water', 'sand']",4.0,1.0,72.0,2.0,2.0,0.9,0.20942666666666668,3
49,P26058155-0_SF.npz_image.jpg,P26058155-0_SF.npz_label.png,P26058155-0_SF.npz_annotation.png,SF,"['water', 'sand', 'veg', 'dev']",4,"[1, 2, 3]","[0, 1]","['water', 'sand']",5.0,1.0,73.0,2.0,2.0,0.9,0.21436533333333332,3
50,P26058927-1_SF.npz_image.jpg,P26058927-1_SF.npz_label.png,P26058927-1_SF.npz_annotation.png,SF,"['water', 'sand', 'veg', 'dev']",4,"[1, 2, 3]","[0, 1]","['water', 'sand']",3.0,1.0,73.0,2.0,2.0,0.9,0.27164133333333335,3
51,P26056504-1_EBG.npz_image.jpg,P26056504-1_EBG.npz_label.png,P26056504-1_EBG.npz_annotation.png,EBG,"['water', 'sand', 'veg', 'dev']",4,"[1, 2, 3]","[0, 1]","['water', 'sand']",3.0,1.0,1.0,4.0,8.0,3.0,0.14699866666666667,3
52,P26057581-1_SF.npz_image.jpg,P26057581-1_SF.npz_label.png,P26057581-1_SF.npz_annotation.png,SF,"['water', 'sand', 'veg', 'dev']",4,"[1, 2, 3]","[0, 1]","['water', 'sand']",5.0,1.0,73.0,2.0,2.0,0.9,0.202112,3
53,P26058598-3_SF.npz_image.jpg,P26058598-3_SF.npz_label.png,P26058598-3_SF.npz_annotation.png,SF,"['water', 'sand', 'veg', 'dev']",4,"[1, 2, 3]","[0, 1]","['water', 'sand']",5.0,1.0,73.0,2.0,2.0,0.9,0.289588,3
54,S21769793-3_SF.npz_image.jpg,S21769793-3_SF.npz_label.png,S21769793-3_SF.npz_annotation.png,SF,"['water', 'sand', 'veg', 'dev']",4,"[1, 2, 3]","[0, 1]","['water', 'sand']",5.0,1.0,44.0,2.0,2.0,0.9,0.139376,3
55,P26058556-1_SF.npz_image.jpg,P26058556-1_SF.npz_label.png,P26058556-1_SF.npz_annotation.png,SF,"['water', 'sand', 'veg', 'dev']",4,"[1, 2, 3]","[0, 1]","['water', 'sand']",5.0,1.0,72.0,2.0,2.0,0.9,0.3121466666666667,3
56,P26058589-1_SF.npz_image.jpg,P26058589-1_SF.npz_label.png,P26058589-1_SF.npz_annotation.png,SF,"['water', 'sand', 'veg', 'dev']",4,"[1, 2, 3]","[0, 1]","['water', 'sand']",5.0,1.0,72.0,2.0,2.0,0.9,0.20226533333333332,3
57,P26056489-1_SF.npz_image.jpg,P26056489-1_SF.npz_label.png,P26056489-1_SF.npz_annotation.png,SF,"['water', 'sand', 'veg', 'dev']",4,"[1, 2, 3]","[0, 1]","['water', 'sand']",2.0,1.0,1.0,2.0,2.0,0.9,0.19652133333333333,3
58,P26057542-3_RS.npz_image.jpg,P26057542-3_RS.npz_label.png,P26057542-3_RS.npz_annotation.png,RS,"['water', 'sand', 'vegetation', 'development']",4,"[1, 2, 3]","[0, 1]","['water', 'sand']",3.0,1.0,12.0,2.0,2.0,3.0,0.037282666666666665,3
59,P26055972-1_EBG.npz_image.jpg,P26055972-1_EBG.npz_label.png,P26055972-1_EBG.npz_annotation.png,EBG,"['water', 'sand', 'veg', 'dev']",4,"[1, 2, 3]","[0, 1]","['water', 'sand']",3.0,1.0,1.0,4.0,8.0,3.0,0.167812,3
60,S21767040-0_SF.npz_image.jpg,S21767040-0_SF.npz_label.png,S21767040-0_SF.npz_annotation.png,SF,"['water', 'sand', 'veg', 'dev']",4,"[1, 2, 3]","[0, 1]","['water', 'sand']",4.0,1.0,45.0,2.0,2.0,0.9,0.196396,3
61,P26058556-2_SF.npz_image.jpg,P26058556-2_SF.npz_label.png,P26058556-2_SF.npz_annotation.png,SF,"['water', 'sand', 'veg', 'dev']",4,"[1, 2, 3]","[0, 1]","['water', 'sand']",5.0,1.0,72.0,2.0,2.0,0.9,0.078728,3
62,P26056480-2_EBG.npz_image.jpg,P26056480-2_EBG.npz_label.png,P26056480-2_EBG.npz_annotation.png,EBG,"['water', 'sand', 'veg', 'dev']",4,"[1, 2, 3]","[0, 1]","['water', 'sand']",3.0,1.0,1.0,4.0,8.0,3.0,0.145836,3
63,P26056480-3_EBG.npz_image.jpg,P26056480-3_EBG.npz_label.png,P26056480-3_EBG.npz_annotation.png,EBG,"['water', 'sand', 'veg', 'dev']",4,"[1, 2, 3]","[0, 1]","['water', 'sand']",3.0,1.0,1.0,4.0,8.0,3.0,0.144228,3
64,S21766410-2_RS.npz_image.jpg,S21766410-2_RS.npz_label.png,S21766410-2_RS.npz_annotation.png,RS,"['water', 'sand', 'veg', 'dev']",4,"[1, 2, 3]",[1],['sand'],3.0,1.0,1.0,2.0,2.0,0.9,0.04290133333333333,3
65,P26058502-1_SF.npz_image.jpg,P26058502-1_SF.npz_label.png,P26058502-1_SF.npz_annotation.png,SF,"['water', 'sand', 'veg', 'dev']",4,"[1, 2, 3]","[0, 1]","['water', 'sand']",5.0,1.0,72.0,2.0,2.0,0.9,0.2349,3
66,P26047213-2_EBG.npz_image.jpg,P26047213-2_EBG.npz_label.png,P26047213-2_EBG.npz_annotation.png,EBG,"['water', 'sand', 'veg', 'dev']",4,"[1, 2, 3]","[0, 1]","['water', 'sand']",3.0,1.0,1.0,4.0,8.0,3.0,0.04874,3
67,S21766818-3_SF.npz_image.jpg,S21766818-3_SF.npz_label.png,S21766818-3_SF.npz_annotation.png,SF,"['water', 'sand', 'veg', 'dev']",4,"[1, 2, 3]","[0, 1]","['water', 'sand']",5.0,1.0,45.0,2.0,2.0,0.9,0.07959333333333334,3
68,P26058713-1_SF.npz_image.jpg,P26058713-1_SF.npz_label.png,P26058713-1_SF.npz_annotation.png,SF,"['water', 'sand', 'veg', 'dev']",4,"[1, 2, 3]","[0, 1]","['water', 'sand']",3.0,1.0,73.0,2.0,2.0,0.9,0.2641906666666667,3
69,P28460795-0_RS.npz_image.jpg,P28460795-0_RS.npz_label.png,P28460795-0_RS.npz_annotation.png,RS,"['water', 'sand', 'veg', 'dev']",4,"[1, 2, 3]","[0, 1]","['water', 'sand']",3.0,1.0,1.0,2.0,2.0,0.9,0.057626666666666666,3
70,P26058592-0_SF.npz_image.jpg,P26058592-0_SF.npz_label.png,P26058592-0_SF.npz_annotation.png,SF,"['water', 'sand', 'veg', 'dev']",4,"[1, 2, 3]","[0, 1]","['water', 'sand']",5.0,1.0,72.0,2.0,2.0,0.9,0.19629333333333332,3
71,S21769783-2_SF.npz_image.jpg,S21769783-2_SF.npz_label.png,S21769783-2_SF.npz_annotation.png,SF,"['water', 'sand', 'veg', 'dev']",4,"[1, 2, 3]","[0, 1]","['water', 'sand']",3.0,1.0,1.0,2.0,2.0,0.9,0.15782666666666667,3
72,P26058387-3_SF.npz_image.jpg,P26058387-3_SF.npz_label.png,P26058387-3_SF.npz_annotation.png,SF,"['water', 'sand', 'veg', 'dev']",4,"[1, 2, 3]","[0, 1]","['water', 'sand']",5.0,1.0,73.0,2.0,2.0,0.9,0.05738666666666667,3
73,S21770121-3_SF.npz_image.jpg,S21770121-3_SF.npz_label.png,S21770121-3_SF.npz_annotation.png,SF,"['water', 'sand', 'veg', 'dev']",4,"[1, 2, 3]","[0, 1]","['water', 'sand']",2.0,1.0,45.0,1.0,1.0,0.9,0.06557866666666666,3
74,P26058704-3_SF.npz_image.jpg,P26058704-3_SF.npz_label.png,P26058704-3_SF.npz_annotation.png,SF,"['water', 'sand', 'veg', 'dev']",4,"[1, 2, 3]",[1],['sand'],5.0,1.0,73.0,2.0,2.0,0.9,0.002536,3
75,P26057536-1_SF.npz_image.jpg,P26057536-1_SF.npz_label.png,P26057536-1_SF.npz_annotation.png,SF,"['water', 'sand', 'veg', 'dev']",4,"[1, 2, 3]","[0, 1]","['water', 'sand']",5.0,1.0,73.0,2.0,2.0,0.9,0.24902266666666667,3
76,S21767188-2_SF.npz_image.jpg,S21767188-2_SF.npz_label.png,S21767188-2_SF.npz_annotation.png,SF,"['water', 'sand', 'veg', 'dev']",4,"[1, 2, 3]","[0, 1]","['water', 'sand']",5.0,1.0,15.0,2.0,2.0,0.9,0.12786266666666668,3
77,S21775030-3_RS.npz_image.jpg,S21775030-3_RS.npz_label.png,S21775030-3_RS.npz_annotation.png,RS,"['water', 'sand', 'veg', 'dev']",4,"[1, 2, 3]","[0, 1]","['water', 'sand']",3.0,1.0,1.0,2.0,2.0,0.9,0.045204,3
78,S21767107-2_SF.npz_image.jpg,S21767107-2_SF.npz_label.png,S21767107-2_SF.npz_annotation.png,SF,"['water', 'sand', 'veg', 'dev']",4,"[1, 2, 3]","[0, 1]","['water', 'sand']",4.0,1.0,15.0,2.0,2.0,0.9,0.09517733333333334,3
79,S21767188-3_SF.npz_image.jpg,S21767188-3_SF.npz_label.png,S21767188-3_SF.npz_annotation.png,SF,"['water', 'sand', 'veg', 'dev']",4,"[1, 2, 3]","[0, 1]","['water', 'sand']",4.0,1.0,15.0,2.0,2.0,0.9,0.11634533333333333,3
80,S21767107-1_SF.npz_image.jpg,S21767107-1_SF.npz_label.png,S21767107-1_SF.npz_annotation.png,SF,"['water', 'sand', 'veg', 'dev']",4,"[1, 2, 3]","[0, 1]","['water', 'sand']",4.0,1.0,15.0,2.0,2.0,0.9,0.237572,3
81,P26060188-3_SF.npz_image.jpg,P26060188-3_SF.npz_label.png,P26060188-3_SF.npz_annotation.png,SF,"['water', 'sand', 'veg', 'dev']",4,"[1, 2, 3]",[1],['sand'],5.0,1.0,73.0,2.0,2.0,0.9,0.002352,3
82,P26057536-3_SF.npz_image.jpg,P26057536-3_SF.npz_label.png,P26057536-3_SF.npz_annotation.png,SF,"['water', 'sand', 'veg', 'dev']",4,"[1, 2, 3]",[1],['sand'],5.0,1.0,73.0,2.0,2.0,0.9,0.002048,3
83,P26056504-3_EBG.npz_image.jpg,P26056504-3_EBG.npz_label.png,P26056504-3_EBG.npz_annotation.png,EBG,"['water', 'sand', 'veg', 'dev']",4,"[1, 2, 3]",[1],['sand'],3.0,1.0,1.0,4.0,8.0,3.0,0.02610933333333333,3
84,S21769790-0_SF.npz_image.jpg,S21769790-0_SF.npz_label.png,S21769790-0_SF.npz_annotation.png,SF,"['water', 'sand', 'veg', 'dev']",4,"[1, 2, 3]","[0, 1]","['water', 'sand']",5.0,1.0,44.0,2.0,2.0,0.9,0.2912653333333333,3
85,P26056784-3_EBG.npz_image.jpg,P26056784-3_EBG.npz_label.png,P26056784-3_EBG.npz_annotation.png,EBG,"['water', 'sand', 'veg', 'dev']",4,"[1, 2, 3]","[0, 1]","['water', 'sand']",3.0,1.0,1.0,4.0,8.0,3.0,0.087616,3
86,P26054689-2_EBG.npz_image.jpg,P26054689-2_EBG.npz_label.png,P26054689-2_EBG.npz_annotation.png,EBG,"['water', 'sand', 'veg', 'dev']",4,"[1, 2, 3]","[0, 1]","['water', 'sand']",3.0,1.0,1.0,4.0,8.0,3.0,0.09914533333333334,3
87,P26056440-2_EBG.npz_image.jpg,P26056440-2_EBG.npz_label.png,P26056440-2_EBG.npz_annotation.png,EBG,"['water', 'sand', 'veg', 'dev']",4,"[1, 2, 3]","[0, 1]","['water', 'sand']",3.0,1.0,1.0,4.0,8.0,3.0,0.18698133333333333,3
88,S21767040-1_SF.npz_image.jpg,S21767040-1_SF.npz_label.png,S21767040-1_SF.npz_annotation.png,SF,"['water', 'sand', 'veg', 'dev']",4,"[1, 2, 3]","[0, 1]","['water', 'sand']",4.0,1.0,45.0,2.0,2.0,0.9,0.23858,3
89,S21770470-2_RS.npz_image.jpg,S21770470-2_RS.npz_label.png,S21770470-2_RS.npz_annotation.png,RS,"['water', 'sand', 'veg', 'dev']",4,"[1, 2, 3]","[0, 1]","['water', 'sand']",3.0,1.0,1.0,2.0,2.0,0.9,0.078332,3
90,P26058598-1_SF.npz_image.jpg,P26058598-1_SF.npz_label.png,P26058598-1_SF.npz_annotation.png,SF,"['water', 'sand', 'veg', 'dev']",4,"[1, 2, 3]","[0, 1]","['water', 'sand']",4.0,1.0,73.0,2.0,2.0,0.9,0.255812,3
91,P26057542-2_RS.npz_image.jpg,P26057542-2_RS.npz_label.png,P26057542-2_RS.npz_annotation.png,RS,"['water', 'sand', 'vegetation', 'development']",4,"[1, 2, 3]","[0, 1]","['water', 'sand']",3.0,1.0,12.0,2.0,2.0,3.0,0.05141066666666667,3
92,P26058927-0_SF.npz_image.jpg,P26058927-0_SF.npz_label.png,P26058927-0_SF.npz_annotation.png,SF,"['water', 'sand', 'veg', 'dev']",4,"[1, 2, 3]","[0, 1]","['water', 'sand']",5.0,1.0,73.0,2.0,2.0,0.9,0.24506933333333333,3
93,P28460785-1_RS.npz_image.jpg,P28460785-1_RS.npz_label.png,P28460785-1_RS.npz_annotation.png,RS,"['water', 'sand', 'veg', 'dev']",4,"[1, 2, 3]","[0, 1]","['water', 'sand']",3.0,1.0,1.0,2.0,2.0,0.9,0.053424,3
94,P26058152-1_SF.npz_image.jpg,P26058152-1_SF.npz_label.png,P26058152-1_SF.npz_annotation.png,SF,"['water', 'sand', 'veg', 'dev']",4,"[1, 2, 3]","[0, 1]","['water', 'sand']",5.0,1.0,73.0,2.0,2.0,0.9,0.20347066666666666,3
95,P26056769-0_EBG.npz_image.jpg,P26056769-0_EBG.npz_label.png,P26056769-0_EBG.npz_annotation.png,EBG,"['water', 'sand', 'veg', 'dev']",4,"[1, 2, 3]","[0, 1]","['water', 'sand']",3.0,1.0,1.0,4.0,8.0,3.0,0.04392133333333333,3
96,P26055972-2_EBG.npz_image.jpg,P26055972-2_EBG.npz_label.png,P26055972-2_EBG.npz_annotation.png,EBG,"['water', 'sand', 'veg', 'dev']",4,"[1, 2, 3]","[0, 1]","['water', 'sand']",3.0,1.0,1.0,4.0,8.0,3.0,0.10330533333333333,3
97,S21766818-2_SF.npz_image.jpg,S21766818-2_SF.npz_label.png,S21766818-2_SF.npz_annotation.png,SF,"['water', 'sand', 'veg', 'dev']",4,"[1, 2, 3]","[0, 1]","['water', 'sand']",3.0,1.0,45.0,2.0,2.0,0.9,0.11179733333333333,3
98,P26056480-0_EBG.npz_image.jpg,P26056480-0_EBG.npz_label.png,P26056480-0_EBG.npz_annotation.png,EBG,"['water', 'sand', 'veg', 'dev']",4,"[1, 2, 3]","[0, 1]","['water', 'sand']",3.0,1.0,1.0,4.0,8.0,3.0,0.06213066666666667,3
99,P26058139-2_SF.npz_image.jpg,P26058139-2_SF.npz_label.png,P26058139-2_SF.npz_annotation.png,SF,"['water', 'sand', 'veg', 'dev']",4,"[1, 2, 3]","[0, 1]","['water', 'sand']",3.0,1.0,72.0,2.0,2.0,0.9,0.20229333333333333,3
100,P26056769-2_EBG.npz_image.jpg,P26056769-2_EBG.npz_label.png,P26056769-2_EBG.npz_annotation.png,EBG,"['water', 'sand', 'veg', 'dev']",4,"[1, 2, 3]","[0, 1]","['water', 'sand']",3.0,1.0,1.0,4.0,8.0,3.0,0.17414133333333334,3
101,S21770470-1_RS.npz_image.jpg,S21770470-1_RS.npz_label.png,S21770470-1_RS.npz_annotation.png,RS,"['water', 'sand', 'veg', 'dev']",4,"[1, 2, 3]","[0, 1]","['water', 'sand']",3.0,1.0,1.0,2.0,2.0,0.9,0.036548,3
102,C26047791-1_EBG.npz_image.jpg,C26047791-1_EBG.npz_label.png,C26047791-1_EBG.npz_annotation.png,EBG,"['water', 'sand', 'veg', 'dev']",4,"[1, 2, 3]","[0, 1]","['water', 'sand']",3.0,1.0,1.0,4.0,8.0,3.0,0.15917553191489361,3
103,P26055972-0_EBG.npz_image.jpg,P26055972-0_EBG.npz_label.png,P26055972-0_EBG.npz_annotation.png,EBG,"['water', 'sand', 'veg', 'dev']",4,"[1, 2, 3]","[0, 1]","['water', 'sand']",3.0,1.0,1.0,4.0,8.0,3.0,0.15963066666666667,3
104,P26058589-2_SF.npz_image.jpg,P26058589-2_SF.npz_label.png,P26058589-2_SF.npz_annotation.png,SF,"['water', 'sand', 'veg', 'dev']",4,"[1, 2, 3]","[0, 1]","['water', 'sand']",5.0,1.0,72.0,2.0,2.0,0.9,0.246248,3
105,P26054689-1_EBG.npz_image.jpg,P26054689-1_EBG.npz_label.png,P26054689-1_EBG.npz_annotation.png,EBG,"['water', 'sand', 'veg', 'dev']",4,"[1, 2, 3]","[0, 1]","['water', 'sand']",3.0,1.0,1.0,4.0,8.0,3.0,0.06684533333333334,3
106,S21770117-3_SF.npz_image.jpg,S21770117-3_SF.npz_label.png,S21770117-3_SF.npz_annotation.png,SF,"['water', 'sand', 'veg', 'dev']",4,"[1, 2, 3]","[0, 1]","['water', 'sand']",2.0,1.0,28.0,1.0,1.0,0.9,0.14035066666666668,3
107,P26058499-1_SF.npz_image.jpg,P26058499-1_SF.npz_label.png,P26058499-1_SF.npz_annotation.png,SF,"['water', 'sand', 'veg', 'dev']",4,"[1, 2, 3]","[0, 1]","['water', 'sand']",2.0,1.0,72.0,2.0,2.0,0.9,0.16958133333333333,3
108,S21770142-3_SF.npz_image.jpg,S21770142-3_SF.npz_label.png,S21770142-3_SF.npz_annotation.png,SF,"['water', 'sand', 'veg', 'dev']",4,"[1, 2, 3]","[0, 1]","['water', 'sand']",5.0,1.0,45.0,1.0,1.0,0.9,0.113936,3
109,P26056706-2_EBG.npz_image.jpg,P26056706-2_EBG.npz_label.png,P26056706-2_EBG.npz_annotation.png,EBG,"['water', 'sand', 'veg', 'dev']",4,"[1, 2, 3]","[0, 1]","['water', 'sand']",3.0,1.0,1.0,4.0,8.0,3.0,0.198944,3
110,P26058556-0_SF.npz_image.jpg,P26058556-0_SF.npz_label.png,P26058556-0_SF.npz_annotation.png,SF,"['water', 'sand', 'veg', 'dev']",4,"[1, 2, 3]","[0, 1]","['water', 'sand']",5.0,1.0,72.0,2.0,2.0,0.9,0.2668546666666667,3
111,P26055969-0_EBG.npz_image.jpg,P26055969-0_EBG.npz_label.png,P26055969-0_EBG.npz_annotation.png,EBG,"['water', 'sand', 'veg', 'dev']",4,"[1, 2, 3]","[0, 1]","['water', 'sand']",3.0,1.0,1.0,4.0,8.0,3.0,0.171084,3
112,P26055100-3_EBG.npz_image.jpg,P26055100-3_EBG.npz_label.png,P26055100-3_EBG.npz_annotation.png,EBG,"['water', 'sand', 'veg', 'dev']",4,"[1, 2, 3]","[0, 1]","['water', 'sand']",3.0,1.0,1.0,4.0,8.0,3.0,0.12683066666666667,3
113,P26056706-3_EBG.npz_image.jpg,P26056706-3_EBG.npz_label.png,P26056706-3_EBG.npz_annotation.png,EBG,"['water', 'sand', 'veg', 'dev']",4,"[1, 2, 3]","[0, 1]","['water', 'sand']",3.0,1.0,1.0,4.0,8.0,3.0,0.18950533333333333,3
114,S21774678-0_SF.npz_image.jpg,S21774678-0_SF.npz_label.png,S21774678-0_SF.npz_annotation.png,SF,"['water', 'sand', 'veg', 'dev']",4,"[1, 2, 3]","[0, 1]","['water', 'sand']",2.0,1.0,45.0,1.0,1.0,0.9,0.24129733333333334,3
115,S21767206-3_RS.npz_image.jpg,S21767206-3_RS.npz_label.png,S21767206-3_RS.npz_annotation.png,RS,"['water', 'sand', 'veg', 'dev']",4,"[1, 2, 3]",[1],['sand'],3.0,1.0,1.0,2.0,2.0,0.9,0.050937333333333334,3
116,P28460795-1_RS.npz_image.jpg,P28460795-1_RS.npz_label.png,P28460795-1_RS.npz_annotation.png,RS,"['water', 'sand', 'veg', 'dev']",4,"[1, 2, 3]","[0, 1]","['water', 'sand']",3.0,1.0,1.0,2.0,2.0,0.9,0.0729,3
117,P26056769-1_EBG.npz_image.jpg,P26056769-1_EBG.npz_label.png,P26056769-1_EBG.npz_annotation.png,EBG,"['water', 'sand', 'veg', 'dev']",4,"[1, 2, 3]","[0, 1]","['water', 'sand']",3.0,1.0,1.0,4.0,8.0,3.0,0.05822133333333333,3
118,P26058592-2_SF.npz_image.jpg,P26058592-2_SF.npz_label.png,P26058592-2_SF.npz_annotation.png,SF,"['water', 'sand', 'veg', 'dev']",4,"[1, 2, 3]","[0, 1]","['water', 'sand']",5.0,1.0,73.0,2.0,2.0,0.9,0.239548,3
119,P26056126-1_RS.npz_image.jpg,P26056126-1_RS.npz_label.png,P26056126-1_RS.npz_annotation.png,RS,"['water', 'sand', 'vegetation', 'development']",4,"[1, 2, 3]","[0, 1]","['water', 'sand']",3.0,1.0,12.0,2.0,2.0,3.0,0.038724,3
120,P26058601-2_SF.npz_image.jpg,P26058601-2_SF.npz_label.png,P26058601-2_SF.npz_annotation.png,SF,"['water', 'sand', 'veg', 'dev']",4,"[1, 2, 3]","[0, 1]","['water', 'sand']",5.0,1.0,72.0,2.0,2.0,0.9,0.26361866666666667,3
121,S21766832-3_SF.npz_image.jpg,S21766832-3_SF.npz_label.png,S21766832-3_SF.npz_annotation.png,SF,"['water', 'sand', 'veg', 'dev']",4,"[1, 2, 3]","[0, 1]","['water', 'sand']",5.0,1.0,45.0,2.0,2.0,0.9,0.12613733333333332,3
122,P26055082-1_EBG.npz_image.jpg,P26055082-1_EBG.npz_label.png,P26055082-1_EBG.npz_annotation.png,EBG,"['water', 'sand', 'veg', 'dev']",4,"[1, 2, 3]","[0, 1]","['water', 'sand']",3.0,1.0,1.0,4.0,8.0,3.0,0.061364,3
123,P26055496-3_RS.npz_image.jpg,P26055496-3_RS.npz_label.png,P26055496-3_RS.npz_annotation.png,RS,"['water', 'sand', 'vegetation', 'development']",4,"[1, 2, 3]","[0, 1]","['water', 'sand']",3.0,1.0,12.0,2.0,2.0,3.0,0.03312266666666667,3
124,S21767206-1_RS.npz_image.jpg,S21767206-1_RS.npz_label.png,S21767206-1_RS.npz_annotation.png,RS,"['water', 'sand', 'veg', 'dev']",4,"[1, 2, 3]","[0, 1]","['water', 'sand']",3.0,1.0,1.0,2.0,2.0,0.9,0.061842666666666664,3
125,S21770121-0_SF.npz_image.jpg,S21770121-0_SF.npz_label.png,S21770121-0_SF.npz_annotation.png,SF,"['water', 'sand', 'veg', 'dev']",4,"[1, 2, 3]","[0, 1]","['water', 'sand']",2.0,1.0,28.0,1.0,1.0,0.9,0.25455066666666665,3
126,P26055529-2_RS.npz_image.jpg,P26055529-2_RS.npz_label.png,P26055529-2_RS.npz_annotation.png,RS,"['water', 'sand', 'vegetation', 'development']",4,"[1, 2, 3]","[0, 1]","['water', 'sand']",3.0,1.0,12.0,2.0,2.0,3.0,0.046848,3
127,P28460344-3_RS.npz_image.jpg,P28460344-3_RS.npz_label.png,P28460344-3_RS.npz_annotation.png,RS,"['water', 'sand', 'vegetation', 'development']",4,"[1, 2, 3]",[1],['sand'],3.0,1.0,12.0,2.0,2.0,3.0,0.018876,3
128,P26056458-3_EBG.npz_image.jpg,P26056458-3_EBG.npz_label.png,P26056458-3_EBG.npz_annotation.png,EBG,"['water', 'sand', 'veg', 'dev']",4,"[1, 2, 3]","[0, 1]","['water', 'sand']",3.0,1.0,1.0,4.0,8.0,3.0,0.20464133333333334,3
129,P26058713-2_SF.npz_image.jpg,P26058713-2_SF.npz_label.png,P26058713-2_SF.npz_annotation.png,SF,"['water', 'sand', 'veg', 'dev']",4,"[1, 2, 3]","[0, 1]","['water', 'sand']",5.0,1.0,73.0,2.0,2.0,0.9,0.20484933333333333,3
130,P26058155-1_SF.npz_image.jpg,P26058155-1_SF.npz_label.png,P26058155-1_SF.npz_annotation.png,SF,"['water', 'sand', 'veg', 'dev']",4,"[1, 2, 3]","[0, 1]","['water', 'sand']",5.0,1.0,73.0,2.0,2.0,0.9,0.22122533333333333,3
131,S21766832-1_SF.npz_image.jpg,S21766832-1_SF.npz_label.png,S21766832-1_SF.npz_annotation.png,SF,"['water', 'sand', 'veg', 'dev']",4,"[1, 2, 3]","[0, 1]","['water', 'sand']",2.0,1.0,45.0,2.0,2.0,0.9,0.18302133333333334,3
132,P26056492-1_SF.npz_image.jpg,P26056492-1_SF.npz_label.png,P26056492-1_SF.npz_annotation.png,SF,"['water', 'sand', 'veg', 'dev']",4,"[1, 2, 3]","[0, 1]","['water', 'sand']",2.0,1.0,89.0,2.0,2.0,0.9,0.23500933333333332,3
133,S21770117-0_SF.npz_image.jpg,S21770117-0_SF.npz_label.png,S21770117-0_SF.npz_annotation.png,SF,"['water', 'sand', 'veg', 'dev']",4,"[1, 2, 3]","[0, 1]","['water', 'sand']",3.0,1.0,44.0,2.0,4.0,0.9,0.24013466666666666,3
134,P26057367-1_SF.npz_image.jpg,P26057367-1_SF.npz_label.png,P26057367-1_SF.npz_annotation.png,SF,"['water', 'sand', 'veg', 'dev']",4,"[1, 2, 3]","[0, 1]","['water', 'sand']",2.0,1.0,89.0,2.0,2.0,0.9,0.259876,3
135,P26057539-3_SF.npz_image.jpg,P26057539-3_SF.npz_label.png,P26057539-3_SF.npz_annotation.png,SF,"['water', 'sand', 'veg', 'dev']",4,"[1, 2, 3]",[1],['sand'],3.0,1.0,73.0,2.0,2.0,0.9,0.0027413333333333335,3
136,P26058601-0_SF.npz_image.jpg,P26058601-0_SF.npz_label.png,P26058601-0_SF.npz_annotation.png,SF,"['water', 'sand', 'veg', 'dev']",4,"[1, 2, 3]","[0, 1]","['water', 'sand']",5.0,1.0,73.0,2.0,2.0,0.9,0.239688,3
137,P21776460-3_RS.npz_image.jpg,P21776460-3_RS.npz_label.png,P21776460-3_RS.npz_annotation.png,RS,"['water', 'sand', 'veg', 'dev']",4,"[1, 2, 3]","[0, 1]","['water', 'sand']",3.0,1.0,1.0,2.0,2.0,0.9,0.052642666666666664,3
138,C26047972-3_EBG.npz_image.jpg,C26047972-3_EBG.npz_label.png,C26047972-3_EBG.npz_annotation.png,EBG,"['water', 'sand', 'veg', 'dev']",4,"[1, 2, 3]","[0, 1]","['water', 'sand']",3.0,1.0,1.0,4.0,8.0,3.0,0.06119840213049268,3
139,S21775111-1_SF.npz_image.jpg,S21775111-1_SF.npz_label.png,S21775111-1_SF.npz_annotation.png,SF,"['water', 'sand', 'veg', 'dev']",4,"[1, 2, 3]","[0, 1]","['water', 'sand']",5.0,1.0,44.0,2.0,2.0,0.9,0.17290933333333333,3
140,P26058155-2_SF.npz_image.jpg,P26058155-2_SF.npz_label.png,P26058155-2_SF.npz_annotation.png,SF,"['water', 'sand', 'veg', 'dev']",4,"[1, 2, 3]","[0, 1]","['water', 'sand']",5.0,1.0,73.0,2.0,2.0,0.9,0.17878933333333333,3
141,P26058167-0_RS.npz_image.jpg,P26058167-0_RS.npz_label.png,P26058167-0_RS.npz_annotation.png,RS,"['water', 'sand', 'vegetation', 'development']",4,"[1, 2, 3]","[0, 1]","['water', 'sand']",3.0,1.0,12.0,2.0,2.0,3.0,0.056068,3
142,S21770117-1_SF.npz_image.jpg,S21770117-1_SF.npz_label.png,S21770117-1_SF.npz_annotation.png,SF,"['water', 'sand', 'veg', 'dev']",4,"[1, 2, 3]","[0, 1]","['water', 'sand']",2.0,1.0,23.0,2.0,2.0,0.9,0.16083733333333333,3
143,P26058390-0_SF.npz_image.jpg,P26058390-0_SF.npz_label.png,P26058390-0_SF.npz_annotation.png,SF,"['water', 'sand', 'veg', 'dev']",4,"[1, 2, 3]","[0, 1]","['water', 'sand']",5.0,1.0,72.0,2.0,2.0,0.9,0.23374266666666665,3
144,S21767040-3_SF.npz_image.jpg,S21767040-3_SF.npz_label.png,S21767040-3_SF.npz_annotation.png,SF,"['water', 'sand', 'veg', 'dev']",4,"[1, 2, 3]",[1],['sand'],2.0,1.0,45.0,1.0,1.0,0.9,0.0005106666666666666,3
145,S21775133-3_RS.npz_image.jpg,S21775133-3_RS.npz_label.png,S21775133-3_RS.npz_annotation.png,RS,"['water', 'sand', 'veg', 'dev']",4,"[1, 2, 3]",[1],['sand'],3.0,1.0,1.0,2.0,2.0,0.9,0.038086666666666665,3
146,P21776460-2_RS.npz_image.jpg,P21776460-2_RS.npz_label.png,P21776460-2_RS.npz_annotation.png,RS,"['water', 'sand', 'veg', 'dev']",4,"[1, 2, 3]","[0, 1]","['water', 'sand']",3.0,1.0,1.0,2.0,2.0,0.9,0.034396,3
147,P26057959-2_RS.npz_image.jpg,P26057959-2_RS.npz_label.png,P26057959-2_RS.npz_annotation.png,RS,"['water', 'sand', 'vegetation', 'development']",4,"[1, 2, 3]","[0, 1]","['water', 'sand']",3.0,1.0,12.0,2.0,2.0,3.0,0.045792,3
148,P26058628-2_RS.npz_image.jpg,P26058628-2_RS.npz_label.png,P26058628-2_RS.npz_annotation.png,RS,"['water', 'sand', 'vegetation', 'development']",4,"[1, 2, 3]","[0, 1]","['water', 'sand']",3.0,1.0,12.0,2.0,2.0,3.0,0.027386666666666667,3
149,S21769793-1_SF.npz_image.jpg,S21769793-1_SF.npz_label.png,S21769793-1_SF.npz_annotation.png,SF,"['water', 'sand', 'veg', 'dev']",4,"[1, 2, 3]","[0, 1]","['water', 'sand']",5.0,1.0,44.0,1.0,1.0,0.9,0.218284,3
150,P26058139-0_SF.npz_image.jpg,P26058139-0_SF.npz_label.png,P26058139-0_SF.npz_annotation.png,SF,"['water', 'sand', 'veg', 'dev']",4,"[1, 2, 3]","[0, 1]","['water', 'sand']",3.0,1.0,73.0,2.0,2.0,0.9,0.20883333333333334,3
151,S21775030-2_RS.npz_image.jpg,S21775030-2_RS.npz_label.png,S21775030-2_RS.npz_annotation.png,RS,"['water', 'sand', 'veg', 'dev']",4,"[1, 2, 3]","[0, 1]","['water', 'sand']",3.0,1.0,1.0,2.0,2.0,0.9,0.07521333333333333,3
152,P28462771-3_SF.npz_image.jpg,P28462771-3_SF.npz_label.png,P28462771-3_SF.npz_annotation.png,SF,"['water', 'sand', 'veg', 'dev']",4,"[1, 2, 3]","[0, 1]","['water', 'sand']",4.0,1.0,15.0,2.0,2.0,0.9,0.12268666666666667,3
153,C26047791-0_EBG.npz_image.jpg,C26047791-0_EBG.npz_label.png,C26047791-0_EBG.npz_annotation.png,EBG,"['water', 'sand', 'veg', 'dev']",4,"[1, 2, 3]","[0, 1]","['water', 'sand']",3.0,1.0,1.0,4.0,8.0,3.0,0.026025265957446808,3
154,S21766818-0_SF.npz_image.jpg,S21766818-0_SF.npz_label.png,S21766818-0_SF.npz_annotation.png,SF,"['water', 'sand', 'veg', 'dev']",4,"[1, 2, 3]","[0, 1]","['water', 'sand']",3.0,1.0,45.0,2.0,2.0,0.9,0.18064133333333332,3
155,S21775030-0_RS.npz_image.jpg,S21775030-0_RS.npz_label.png,S21775030-0_RS.npz_annotation.png,RS,"['water', 'sand', 'veg', 'dev']",4,"[1, 2, 3]","[0, 1]","['water', 'sand']",3.0,1.0,1.0,2.0,2.0,0.9,0.09893866666666666,3
156,S21766410-1_RS.npz_image.jpg,S21766410-1_RS.npz_label.png,S21766410-1_RS.npz_annotation.png,RS,"['water', 'sand', 'veg', 'dev']",4,"[1, 2, 3]","[0, 1]","['water', 'sand']",3.0,1.0,1.0,2.0,2.0,0.9,0.10620533333333333,3
157,P28460795-3_RS.npz_image.jpg,P28460795-3_RS.npz_label.png,P28460795-3_RS.npz_annotation.png,RS,"['water', 'sand', 'veg', 'dev']",4,"[1, 2, 3]","[0, 1]","['water', 'sand']",3.0,1.0,1.0,2.0,2.0,0.9,0.03882133333333333,3
158,P26058725-3_RS.npz_image.jpg,P26058725-3_RS.npz_label.png,P26058725-3_RS.npz_annotation.png,RS,"['water', 'sand', 'veg', 'dev']",4,"[1, 2, 3]",[1],['sand'],3.0,1.0,1.0,2.0,2.0,0.9,0.050557333333333336,3
159,P26058390-3_SF.npz_image.jpg,P26058390-3_SF.npz_label.png,P26058390-3_SF.npz_annotation.png,SF,"['water', 'sand', 'veg', 'dev']",4,"[1, 2, 3]",[1],['sand'],5.0,1.0,73.0,2.0,2.0,0.9,0.004928,3
160,P26056440-0_EBG.npz_image.jpg,P26056440-0_EBG.npz_label.png,P26056440-0_EBG.npz_annotation.png,EBG,"['water', 'sand', 'veg', 'dev']",4,"[1, 2, 3]","[0, 1]","['water', 'sand']",3.0,1.0,1.0,4.0,8.0,3.0,0.082812,3
161,S21770142-2_SF.npz_image.jpg,S21770142-2_SF.npz_label.png,S21770142-2_SF.npz_annotation.png,SF,"['water', 'sand', 'veg', 'dev']",4,"[1, 2, 3]","[0, 1]","['water', 'sand']",3.0,1.0,45.0,1.0,1.0,0.9,0.124528,3
162,P28460585-1_SF.npz_image.jpg,P28460585-1_SF.npz_label.png,P28460585-1_SF.npz_annotation.png,SF,"['water', 'sand', 'veg', 'dev']",4,"[1, 2, 3]","[0, 1]","['water', 'sand']",2.0,1.0,45.0,1.0,1.0,0.9,0.21745333333333333,3
163,P26058704-2_SF.npz_image.jpg,P26058704-2_SF.npz_label.png,P26058704-2_SF.npz_annotation.png,SF,"['water', 'sand', 'veg', 'dev']",4,"[1, 2, 3]","[0, 1]","['water', 'sand']",5.0,1.0,73.0,2.0,2.0,0.9,0.09270133333333333,3
164,P26058704-1_SF.npz_image.jpg,P26058704-1_SF.npz_label.png,P26058704-1_SF.npz_annotation.png,SF,"['water', 'sand', 'veg', 'dev']",4,"[1, 2, 3]","[0, 1]","['water', 'sand']",5.0,1.0,73.0,2.0,2.0,0.9,0.308496,3
165,P26056706-1_EBG.npz_image.jpg,P26056706-1_EBG.npz_label.png,P26056706-1_EBG.npz_annotation.png,EBG,"['water', 'sand', 'veg', 'dev']",4,"[1, 2, 3]","[0, 1]","['water', 'sand']",3.0,1.0,1.0,4.0,8.0,3.0,0.110104,3
166,P26059250-0_RS.npz_image.jpg,P26059250-0_RS.npz_label.png,P26059250-0_RS.npz_annotation.png,RS,"['water', 'sand', 'veg', 'dev']",4,"[1, 2, 3]","[0, 1]","['water', 'sand']",3.0,1.0,1.0,2.0,2.0,0.9,0.06561466666666667,3
167,P26056784-0_EBG.npz_image.jpg,P26056784-0_EBG.npz_label.png,P26056784-0_EBG.npz_annotation.png,EBG,"['water', 'sand', 'veg', 'dev']",4,"[1, 2, 3]","[0, 1]","['water', 'sand']",3.0,1.0,1.0,4.0,8.0,3.0,0.049112,3
168,P26058601-1_SF.npz_image.jpg,P26058601-1_SF.npz_label.png,P26058601-1_SF.npz_annotation.png,SF,"['water', 'sand', 'veg', 'dev']",4,"[1, 2, 3]","[0, 1]","['water', 'sand']",5.0,1.0,73.0,2.0,2.0,0.9,0.21100933333333333,3
169,P26056694-0_EBG.npz_image.jpg,P26056694-0_EBG.npz_label.png,P26056694-0_EBG.npz_annotation.png,EBG,"['water', 'sand', 'veg', 'dev']",4,"[1, 2, 3]","[0, 1]","['water', 'sand']",3.0,1.0,1.0,4.0,8.0,3.0,0.10370666666666667,3
170,C26047972-2_EBG.npz_image.jpg,C26047972-2_EBG.npz_label.png,C26047972-2_EBG.npz_annotation.png,EBG,"['water', 'sand', 'veg', 'dev']",4,"[1, 2, 3]","[0, 1]","['water', 'sand']",3.0,1.0,1.0,4.0,8.0,3.0,0.058822902796271635,3
171,P26056440-3_EBG.npz_image.jpg,P26056440-3_EBG.npz_label.png,P26056440-3_EBG.npz_annotation.png,EBG,"['water', 'sand', 'veg', 'dev']",4,"[1, 2, 3]","[0, 1]","['water', 'sand']",3.0,1.0,1.0,4.0,8.0,3.0,0.18257333333333334,3
172,P26058152-2_SF.npz_image.jpg,P26058152-2_SF.npz_label.png,P26058152-2_SF.npz_annotation.png,SF,"['water', 'sand', 'veg', 'dev']",4,"[1, 2, 3]","[0, 1]","['water', 'sand']",5.0,1.0,73.0,2.0,2.0,0.9,0.17878666666666668,3
173,P26058713-3_SF.npz_image.jpg,P26058713-3_SF.npz_label.png,P26058713-3_SF.npz_annotation.png,SF,"['water', 'sand', 'veg', 'dev']",4,"[1, 2, 3]","[0, 1]","['water', 'sand']",5.0,1.0,73.0,2.0,2.0,0.9,0.042204,3
174,S21774731-3_SF.npz_image.jpg,S21774731-3_SF.npz_label.png,S21774731-3_SF.npz_annotation.png,SF,"['water', 'sand', 'veg', 'dev']",4,"[1, 2, 3]","[0, 1]","['water', 'sand']",5.0,1.0,28.0,1.0,1.0,0.9,0.11870266666666666,3
175,P26058499-3_SF.npz_image.jpg,P26058499-3_SF.npz_label.png,P26058499-3_SF.npz_annotation.png,SF,"['water', 'sand', 'veg', 'dev']",4,"[1, 2, 3]","[0, 1]","['water', 'sand']",5.0,1.0,72.0,2.0,2.0,0.9,0.20359333333333332,3
176,P26056492-3_SF.npz_image.jpg,P26056492-3_SF.npz_label.png,P26056492-3_SF.npz_annotation.png,SF,"['water', 'sand', 'veg', 'dev']",4,"[1, 2, 3]","[0, 1]","['water', 'sand']",5.0,1.0,89.0,2.0,2.0,0.9,0.14400933333333332,3
177,P26054317-1_EBG.npz_image.jpg,P26054317-1_EBG.npz_label.png,P26054317-1_EBG.npz_annotation.png,EBG,"['water', 'sand', 'veg', 'dev']",4,"[1, 2, 3]","[0, 1]","['water', 'sand']",3.0,1.0,1.0,4.0,8.0,3.0,0.11104,3
178,P26057539-2_SF.npz_image.jpg,P26057539-2_SF.npz_label.png,P26057539-2_SF.npz_annotation.png,SF,"['water', 'sand', 'veg', 'dev']",4,"[1, 2, 3]",[1],['sand'],5.0,1.0,73.0,2.0,2.0,0.9,0.004338666666666667,3
179,P28460344-2_RS.npz_image.jpg,P28460344-2_RS.npz_label.png,P28460344-2_RS.npz_annotation.png,RS,"['water', 'sand', 'vegetation', 'development']",4,"[1, 2, 3]",[1],['sand'],3.0,1.0,12.0,2.0,2.0,3.0,0.023744,3
180,P26057959-3_RS.npz_image.jpg,P26057959-3_RS.npz_label.png,P26057959-3_RS.npz_annotation.png,RS,"['water', 'sand', 'vegetation', 'development']",4,"[1, 2, 3]","[0, 1]","['water', 'sand']",3.0,1.0,12.0,2.0,2.0,3.0,0.036686666666666666,3
181,P26056458-1_EBG.npz_image.jpg,P26056458-1_EBG.npz_label.png,P26056458-1_EBG.npz_annotation.png,EBG,"['water', 'sand', 'veg', 'dev']",4,"[1, 2, 3]","[0, 1]","['water', 'sand']",3.0,1.0,1.0,4.0,8.0,3.0,0.074376,3
182,S21770121-2_SF.npz_image.jpg,S21770121-2_SF.npz_label.png,S21770121-2_SF.npz_annotation.png,SF,"['water', 'sand', 'veg', 'dev']",4,"[1, 2, 3]","[0, 1]","['water', 'sand']",5.0,1.0,28.0,1.0,1.0,0.9,0.15754933333333335,3
183,P26058598-0_SF.npz_image.jpg,P26058598-0_SF.npz_label.png,P26058598-0_SF.npz_annotation.png,SF,"['water', 'sand', 'veg', 'dev']",4,"[1, 2, 3]","[0, 1]","['water', 'sand']",5.0,1.0,73.0,2.0,2.0,0.9,0.22192533333333334,3
184,S21769793-2_SF.npz_image.jpg,S21769793-2_SF.npz_label.png,S21769793-2_SF.npz_annotation.png,SF,"['water', 'sand', 'veg', 'dev']",4,"[1, 2, 3]","[0, 1]","['water', 'sand']",5.0,1.0,44.0,2.0,3.0,0.9,0.21099733333333334,3
185,P21776460-0_RS.npz_image.jpg,P21776460-0_RS.npz_label.png,P21776460-0_RS.npz_annotation.png,RS,"['water', 'sand', 'veg', 'dev']",4,"[1, 2, 3]","[0, 1]","['water', 'sand']",3.0,1.0,1.0,2.0,2.0,0.9,0.030173333333333333,3
186,P26058152-0_SF.npz_image.jpg,P26058152-0_SF.npz_label.png,P26058152-0_SF.npz_annotation.png,SF,"['water', 'sand', 'veg', 'dev']",4,"[1, 2, 3]","[0, 1]","['water', 'sand']",5.0,1.0,73.0,2.0,2.0,0.9,0.26907733333333334,3
187,P28460585-3_SF.npz_image.jpg,P28460585-3_SF.npz_label.png,P28460585-3_SF.npz_annotation.png,SF,"['water', 'sand', 'veg', 'dev']",4,"[1, 2, 3]","[0, 1]","['water', 'sand']",5.0,1.0,28.0,1.0,1.0,0.9,0.046393333333333335,3
188,P26057581-2_SF.npz_image.jpg,P26057581-2_SF.npz_label.png,P26057581-2_SF.npz_annotation.png,SF,"['water', 'sand', 'veg', 'dev']",4,"[1, 2, 3]","[0, 1]","['water', 'sand']",3.0,1.0,73.0,2.0,2.0,0.9,0.22596133333333332,3
189,P26056431-2_EBG.npz_image.jpg,P26056431-2_EBG.npz_label.png,P26056431-2_EBG.npz_annotation.png,EBG,"['water', 'sand', 'veg', 'dev']",4,"[1, 2, 3]","[0, 1]","['water', 'sand']",3.0,1.0,1.0,4.0,8.0,3.0,0.153788,3
190,S21769790-1_SF.npz_image.jpg,S21769790-1_SF.npz_label.png,S21769790-1_SF.npz_annotation.png,SF,"['water', 'sand', 'veg', 'dev']",4,"[1, 2, 3]","[0, 1]","['water', 'sand']",3.0,1.0,44.0,2.0,2.0,0.9,0.25783333333333336,3
191,P26058673-2_SF.npz_image.jpg,P26058673-2_SF.npz_label.png,P26058673-2_SF.npz_annotation.png,SF,"['water', 'sand', 'veg', 'dev']",4,"[1, 2, 3]",[1],['sand'],3.0,1.0,73.0,2.0,2.0,0.9,0.002586666666666667,3
192,P26055468-3_EBG.npz_image.jpg,P26055468-3_EBG.npz_label.png,P26055468-3_EBG.npz_annotation.png,EBG,"['water', 'sand', 'veg', 'dev']",4,"[1, 2, 3]","[0, 1]","['water', 'sand']",3.0,1.0,1.0,4.0,8.0,3.0,0.098732,3
193,S21770142-0_SF.npz_image.jpg,S21770142-0_SF.npz_label.png,S21770142-0_SF.npz_annotation.png,SF,"['water', 'sand', 'veg', 'dev']",4,"[1, 2, 3]","[0, 1]","['water', 'sand']",3.0,1.0,28.0,1.0,1.0,0.9,0.27846133333333334,3
194,P26057581-3_SF.npz_image.jpg,P26057581-3_SF.npz_label.png,P26057581-3_SF.npz_annotation.png,SF,"['water', 'sand', 'veg', 'dev']",4,"[1, 2, 3]","[0, 1]","['water', 'sand']",5.0,1.0,73.0,2.0,2.0,0.9,0.10654533333333334,3
195,P26057367-0_SF.npz_image.jpg,P26057367-0_SF.npz_label.png,P26057367-0_SF.npz_annotation.png,SF,"['water', 'sand', 'veg', 'dev']",4,"[1, 2, 3]","[0, 1]","['water', 'sand']",3.0,1.0,73.0,2.0,2.0,0.9,0.2604066666666667,3
196,S21774731-0_SF.npz_image.jpg,S21774731-0_SF.npz_label.png,S21774731-0_SF.npz_annotation.png,SF,"['water', 'sand', 'veg', 'dev']",4,"[1, 2, 3]","[0, 1]","['water', 'sand']",2.0,1.0,28.0,1.0,1.0,0.9,0.268856,3
197,P26056431-3_EBG.npz_image.jpg,P26056431-3_EBG.npz_label.png,P26056431-3_EBG.npz_annotation.png,EBG,"['water', 'sand', 'veg', 'dev']",4,"[1, 2, 3]","[0, 1]","['water', 'sand']",3.0,1.0,1.0,4.0,8.0,3.0,0.19730666666666666,3
198,P26056492-2_SF.npz_image.jpg,P26056492-2_SF.npz_label.png,P26056492-2_SF.npz_annotation.png,SF,"['water', 'sand', 'veg', 'dev']",4,"[1, 2, 3]","[0, 1]","['water', 'sand']",2.0,1.0,89.0,2.0,2.0,0.9,0.21649066666666666,3
199,P26055969-2_EBG.npz_image.jpg,P26055969-2_EBG.npz_label.png,P26055969-2_EBG.npz_annotation.png,EBG,"['water', 'sand', 'veg', 'dev']",4,"[1, 2, 3]",[1],['sand'],3.0,1.0,1.0,4.0,8.0,3.0,0.07282666666666666,3
200,P28460785-2_RS.npz_image.jpg,P28460785-2_RS.npz_label.png,P28460785-2_RS.npz_annotation.png,RS,"['water', 'sand', 'veg', 'dev']",4,"[1, 2, 3]","[0, 1]","['water', 'sand']",3.0,1.0,1.0,2.0,2.0,0.9,0.04951066666666667,3
201,P26058390-1_SF.npz_image.jpg,P26058390-1_SF.npz_label.png,P26058390-1_SF.npz_annotation.png,SF,"['water', 'sand', 'veg', 'dev']",4,"[1, 2, 3]","[0, 1]","['water', 'sand']",5.0,1.0,73.0,2.0,2.0,0.9,0.222952,3
202,S21769783-1_SF.npz_image.jpg,S21769783-1_SF.npz_label.png,S21769783-1_SF.npz_annotation.png,SF,"['water', 'sand', 'veg', 'dev']",4,"[1, 2, 3]","[0, 1]","['water', 'sand']",2.0,1.0,15.0,2.0,2.0,0.9,0.15577466666666667,3
203,C26047972-1_EBG.npz_image.jpg,C26047972-1_EBG.npz_label.png,C26047972-1_EBG.npz_annotation.png,EBG,"['water', 'sand', 'veg', 'dev']",4,"[1, 2, 3]","[0, 1]","['water', 'sand']",3.0,1.0,1.0,4.0,8.0,3.0,0.05028058510638298,3
204,S21769790-3_SF.npz_image.jpg,S21769790-3_SF.npz_label.png,S21769790-3_SF.npz_annotation.png,SF,"['water', 'sand', 'veg', 'dev']",4,"[1, 2, 3]","[0, 1]","['water', 'sand']",5.0,1.0,44.0,2.0,2.0,0.9,0.16243333333333335,3
205,S21767188-1_SF.npz_image.jpg,S21767188-1_SF.npz_label.png,S21767188-1_SF.npz_annotation.png,SF,"['water', 'sand', 'veg', 'dev']",4,"[1, 2, 3]","[0, 1]","['water', 'sand']",3.0,1.0,1.0,2.0,2.0,0.9,0.22221733333333332,3
206,P26056769-3_EBG.npz_image.jpg,P26056769-3_EBG.npz_label.png,P26056769-3_EBG.npz_annotation.png,EBG,"['water', 'sand', 'veg', 'dev']",4,"[1, 2, 3]","[0, 1]","['water', 'sand']",3.0,1.0,1.0,4.0,8.0,3.0,0.14351066666666668,3
207,S21774731-1_SF.npz_image.jpg,S21774731-1_SF.npz_label.png,S21774731-1_SF.npz_annotation.png,SF,"['water', 'sand', 'veg', 'dev']",4,"[1, 2, 3]","[0, 1]","['water', 'sand']",5.0,1.0,28.0,1.0,1.0,0.9,0.2531386666666667,3
208,P26058390-2_SF.npz_image.jpg,P26058390-2_SF.npz_label.png,P26058390-2_SF.npz_annotation.png,SF,"['water', 'sand', 'veg', 'dev']",4,"[1, 2, 3]","[0, 1]","['water', 'sand']",5.0,1.0,73.0,2.0,2.0,0.9,0.16374133333333332,3
209,P26058592-3_SF.npz_image.jpg,P26058592-3_SF.npz_label.png,P26058592-3_SF.npz_annotation.png,SF,"['water', 'sand', 'veg', 'dev']",4,"[1, 2, 3]","[0, 1]","['water', 'sand']",3.0,1.0,73.0,2.0,2.0,0.9,0.17912533333333333,3
210,S21766832-2_SF.npz_image.jpg,S21766832-2_SF.npz_label.png,S21766832-2_SF.npz_annotation.png,SF,"['water', 'sand', 'veg', 'dev']",4,"[1, 2, 3]","[0, 1]","['water', 'sand']",4.0,1.0,45.0,2.0,2.0,0.9,0.17585866666666666,3
211,P28460785-0_RS.npz_image.jpg,P28460785-0_RS.npz_label.png,P28460785-0_RS.npz_annotation.png,RS,"['water', 'sand', 'veg', 'dev']",4,"[1, 2, 3]","[0, 1]","['water', 'sand']",3.0,1.0,1.0,2.0,2.0,0.9,0.04900266666666667,3
212,P26058589-0_SF.npz_image.jpg,P26058589-0_SF.npz_label.png,P26058589-0_SF.npz_annotation.png,SF,"['water', 'sand', 'veg', 'dev']",4,"[1, 2, 3]","[0, 1]","['water', 'sand']",3.0,1.0,72.0,2.0,2.0,0.9,0.20212666666666668,3
213,P26056504-0_EBG.npz_image.jpg,P26056504-0_EBG.npz_label.png,P26056504-0_EBG.npz_annotation.png,EBG,"['water', 'sand', 'veg', 'dev']",4,"[1, 2, 3]","[0, 1]","['water', 'sand']",3.0,1.0,1.0,4.0,8.0,3.0,0.16628666666666667,3
214,P26058167-2_RS.npz_image.jpg,P26058167-2_RS.npz_label.png,P26058167-2_RS.npz_annotation.png,RS,"['water', 'sand', 'vegetation', 'development']",4,"[1, 2, 3]","[0, 1]","['water', 'sand']",3.0,1.0,12.0,2.0,2.0,3.0,0.027701333333333335,3
215,S21775111-0_SF.npz_image.jpg,S21775111-0_SF.npz_label.png,S21775111-0_SF.npz_annotation.png,SF,"['water', 'sand', 'veg', 'dev']",4,"[1, 2, 3]","[0, 1]","['water', 'sand']",3.0,1.0,44.0,2.0,2.0,0.9,0.15106533333333333,3
216,P26058628-3_RS.npz_image.jpg,P26058628-3_RS.npz_label.png,P26058628-3_RS.npz_annotation.png,RS,"['water', 'sand', 'vegetation', 'development']",4,"[1, 2, 3]",[1],['sand'],3.0,1.0,12.0,2.0,2.0,3.0,0.030265333333333335,3
217,P26058387-1_SF.npz_image.jpg,P26058387-1_SF.npz_label.png,P26058387-1_SF.npz_annotation.png,SF,"['water', 'sand', 'veg', 'dev']",4,"[1, 2, 3]","[0, 1]","['water', 'sand']",5.0,1.0,73.0,2.0,2.0,0.9,0.246164,3
218,P26056060-0_EBG.npz_image.jpg,P26056060-0_EBG.npz_label.png,P26056060-0_EBG.npz_annotation.png,EBG,"['water', 'sand', 'veg', 'dev']",4,"[1, 2, 3]","[0, 1]","['water', 'sand']",3.0,1.0,1.0,4.0,8.0,3.0,0.10821466666666667,3
219,P26055767-3_RS.npz_image.jpg,P26055767-3_RS.npz_label.png,P26055767-3_RS.npz_annotation.png,RS,"['water', 'sand', 'vegetation', 'development']",4,"[1, 2, 3]","[0, 1]","['water', 'sand']",3.0,1.0,12.0,2.0,2.0,3.0,0.04776,3
220,P26055767-2_RS.npz_image.jpg,P26055767-2_RS.npz_label.png,P26055767-2_RS.npz_annotation.png,RS,"['water', 'sand', 'vegetation', 'development']",4,"[1, 2, 3]","[0, 1]","['water', 'sand']",3.0,1.0,12.0,2.0,2.0,3.0,0.05833466666666667,3
221,S21775111-3_SF.npz_image.jpg,S21775111-3_SF.npz_label.png,S21775111-3_SF.npz_annotation.png,SF,"['water', 'sand', 'veg', 'dev']",4,"[1, 2, 3]","[0, 1]","['water', 'sand']",5.0,1.0,44.0,2.0,2.0,0.9,0.061528,3
222,P28460785-3_RS.npz_image.jpg,P28460785-3_RS.npz_label.png,P28460785-3_RS.npz_annotation.png,RS,"['water', 'sand', 'veg', 'dev']",4,"[1, 2, 3]","[0, 1]","['water', 'sand']",3.0,1.0,1.0,2.0,2.0,0.9,0.03679333333333333,3
223,P28462771-1_SF.npz_image.jpg,P28462771-1_SF.npz_label.png,P28462771-1_SF.npz_annotation.png,SF,"['water', 'sand', 'veg', 'dev']",4,"[1, 2, 3]","[0, 1]","['water', 'sand']",3.0,1.0,73.0,2.0,2.0,0.9,0.215064,3
224,S21775133-0_RS.npz_image.jpg,S21775133-0_RS.npz_label.png,S21775133-0_RS.npz_annotation.png,RS,"['water', 'sand', 'veg', 'dev']",4,"[1, 2, 3]","[0, 1]","['water', 'sand']",3.0,1.0,1.0,2.0,2.0,0.9,0.05134,3
225,P26056060-1_EBG.npz_image.jpg,P26056060-1_EBG.npz_label.png,P26056060-1_EBG.npz_annotation.png,EBG,"['water', 'sand', 'veg', 'dev']",4,"[1, 2, 3]","[0, 1]","['water', 'sand']",3.0,1.0,1.0,4.0,8.0,3.0,0.206756,3
226,P26058725-0_RS.npz_image.jpg,P26058725-0_RS.npz_label.png,P26058725-0_RS.npz_annotation.png,RS,"['water', 'sand', 'veg', 'dev']",4,"[1, 2, 3]","[0, 1]","['water', 'sand']",3.0,1.0,1.0,2.0,2.0,0.9,0.057925333333333336,3
227,S21774731-2_SF.npz_image.jpg,S21774731-2_SF.npz_label.png,S21774731-2_SF.npz_annotation.png,SF,"['water', 'sand', 'veg', 'dev']",4,"[1, 2, 3]","[0, 1]","['water', 'sand']",2.0,1.0,28.0,1.0,1.0,0.9,0.16338666666666668,3
228,C26047791-3_EBG.npz_image.jpg,C26047791-3_EBG.npz_label.png,C26047791-3_EBG.npz_annotation.png,EBG,"['water', 'sand', 'veg', 'dev']",4,"[1, 2, 3]","[0, 1]","['water', 'sand']",3.0,1.0,1.0,4.0,8.0,3.0,0.1594380825565912,3
229,S21775631-1_SF.npz_image.jpg,S21775631-1_SF.npz_label.png,S21775631-1_SF.npz_annotation.png,SF,"['water', 'sand', 'veg', 'dev']",4,"[1, 2, 3]","[0, 1]","['water', 'sand']",4.0,1.0,44.0,2.0,2.0,0.9,0.11347333333333333,3
230,P26056784-2_EBG.npz_image.jpg,P26056784-2_EBG.npz_label.png,P26056784-2_EBG.npz_annotation.png,EBG,"['water', 'sand', 'veg', 'dev']",4,"[1, 2, 3]","[0, 1]","['water', 'sand']",3.0,1.0,1.0,4.0,8.0,3.0,0.10458266666666667,3
231,S21766410-0_RS.npz_image.jpg,S21766410-0_RS.npz_label.png,S21766410-0_RS.npz_annotation.png,RS,"['water', 'sand', 'veg', 'dev']",4,"[1, 2, 3]","[0, 1]","['water', 'sand']",3.0,1.0,1.0,2.0,2.0,0.9,0.06626133333333334,3
232,P26058704-0_SF.npz_image.jpg,P26058704-0_SF.npz_label.png,P26058704-0_SF.npz_annotation.png,SF,"['water', 'sand', 'veg', 'dev']",4,"[1, 2, 3]","[0, 1]","['water', 'sand']",5.0,1.0,73.0,2.0,2.0,0.9,0.247864,3
233,P26056458-2_EBG.npz_image.jpg,P26056458-2_EBG.npz_label.png,P26056458-2_EBG.npz_annotation.png,EBG,"['water', 'sand', 'veg', 'dev']",4,"[1, 2, 3]","[0, 1]","['water', 'sand']",3.0,1.0,1.0,4.0,8.0,3.0,0.23663333333333333,3
234,S21769783-0_SF.npz_image.jpg,S21769783-0_SF.npz_label.png,S21769783-0_SF.npz_annotation.png,SF,"['water', 'sand', 'veg', 'dev']",4,"[1, 2, 3]","[0, 1]","['water', 'sand']",3.0,1.0,15.0,2.0,2.0,0.9,0.16257733333333332,3
235,P26056163-3_RS.npz_image.jpg,P26056163-3_RS.npz_label.png,P26056163-3_RS.npz_annotation.png,RS,"['water', 'sand', 'vegetation', 'development']",4,"[1, 2, 3]",[1],['sand'],3.0,1.0,12.0,2.0,2.0,3.0,0.05565866666666667,3
236,S21775111-2_SF.npz_image.jpg,S21775111-2_SF.npz_label.png,S21775111-2_SF.npz_annotation.png,SF,"['water', 'sand', 'veg', 'dev']",4,"[1, 2, 3]",[1],['sand'],3.0,1.0,44.0,2.0,4.0,0.9,0.0025906666666666665,3
237,P26056489-2_SF.npz_image.jpg,P26056489-2_SF.npz_label.png,P26056489-2_SF.npz_annotation.png,SF,"['water', 'sand', 'veg', 'dev']",4,"[1, 2, 3]","[0, 1]","['water', 'sand']",2.0,1.0,89.0,2.0,2.0,0.9,0.23310933333333334,3
238,P26058927-3_SF.npz_image.jpg,P26058927-3_SF.npz_label.png,P26058927-3_SF.npz_annotation.png,SF,"['water', 'sand', 'veg', 'dev']",4,"[1, 2, 3]",[1],['sand'],3.0,1.0,45.0,1.0,1.0,0.9,0.0027053333333333335,3
239,P26058502-3_SF.npz_image.jpg,P26058502-3_SF.npz_label.png,P26058502-3_SF.npz_annotation.png,SF,"['water', 'sand', 'veg', 'dev']",4,"[1, 2, 3]","[0, 1]","['water', 'sand']",5.0,1.0,72.0,2.0,2.0,0.9,0.20996533333333334,3
240,P26058927-2_SF.npz_image.jpg,P26058927-2_SF.npz_label.png,P26058927-2_SF.npz_annotation.png,SF,"['water', 'sand', 'veg', 'dev']",4,"[1, 2, 3]","[0, 1]","['water', 'sand']",4.0,1.0,73.0,2.0,2.0,0.9,0.14624933333333334,3
241,P28460585-0_SF.npz_image.jpg,P28460585-0_SF.npz_label.png,P28460585-0_SF.npz_annotation.png,SF,"['water', 'sand', 'veg', 'dev']",4,"[1, 2, 3]","[0, 1]","['water', 'sand']",2.0,1.0,28.0,1.0,1.0,0.9,0.230468,3
242,P26056126-2_RS.npz_image.jpg,P26056126-2_RS.npz_label.png,P26056126-2_RS.npz_annotation.png,RS,"['water', 'sand', 'vegetation', 'development']",4,"[1, 2, 3]","[0, 1]","['water', 'sand']",3.0,1.0,12.0,2.0,2.0,3.0,0.07549333333333333,3
243,S21767040-2_SF.npz_image.jpg,S21767040-2_SF.npz_label.png,S21767040-2_SF.npz_annotation.png,SF,"['water', 'sand', 'veg', 'dev']",4,"[1, 2, 3]","[0, 1]","['water', 'sand']",3.0,1.0,45.0,1.0,1.0,0.9,0.054274666666666666,3
244,P26056060-2_EBG.npz_image.jpg,P26056060-2_EBG.npz_label.png,P26056060-2_EBG.npz_annotation.png,EBG,"['water', 'sand', 'veg', 'dev']",4,"[1, 2, 3]",[1],['sand'],3.0,1.0,1.0,4.0,8.0,3.0,0.03551066666666667,3
245,S21775631-3_SF.npz_image.jpg,S21775631-3_SF.npz_label.png,S21775631-3_SF.npz_annotation.png,SF,"['water', 'sand', 'veg', 'dev']",4,"[1, 2, 3]",[1],['sand'],4.0,1.0,44.0,2.0,2.0,0.9,0.002272,3
246,P26055704-3_RS.npz_image.jpg,P26055704-3_RS.npz_label.png,P26055704-3_RS.npz_annotation.png,RS,"['water', 'sand', 'vegetation', 'development']",4,"[1, 2, 3]",[1],['sand'],3.0,1.0,12.0,2.0,2.0,3.0,0.05887733333333333,3
247,P26056637-2_RS.npz_image.jpg,P26056637-2_RS.npz_label.png,P26056637-2_RS.npz_annotation.png,RS,"['water', 'sand', 'vegetation', 'development']",4,"[1, 2, 3]",[1],['sand'],3.0,1.0,12.0,2.0,2.0,3.0,0.048748,3
248,P28462791-1_SF.npz_image.jpg,P28462791-1_SF.npz_label.png,P28462791-1_SF.npz_annotation.png,SF,"['water', 'sand', 'veg', 'dev']",4,"[1, 2, 3]","[0, 1]","['water', 'sand']",4.0,1.0,1.0,2.0,2.0,0.9,0.176156,3
249,P26054257-1_EBG.npz_image.jpg,P26054257-1_EBG.npz_label.png,P26054257-1_EBG.npz_annotation.png,EBG,"['water', 'sand', 'veg', 'dev']",4,"[1, 2, 3]","[0, 1]","['water', 'sand']",3.0,1.0,1.0,4.0,8.0,3.0,0.07523466666666667,3
250,P26058598-2_SF.npz_image.jpg,P26058598-2_SF.npz_label.png,P26058598-2_SF.npz_annotation.png,SF,"['water', 'sand', 'veg', 'dev']",4,"[1, 2, 3]","[0, 1]","['water', 'sand']",5.0,1.0,73.0,2.0,2.0,0.9,0.292144,3
251,P26060188-1_SF.npz_image.jpg,P26060188-1_SF.npz_label.png,P26060188-1_SF.npz_annotation.png,SF,"['water', 'sand', 'veg', 'dev']",4,"[1, 2, 3]","[0, 1]","['water', 'sand']",2.0,1.0,15.0,1.0,1.0,0.9,0.15012133333333333,3
252,P26057367-3_SF.npz_image.jpg,P26057367-3_SF.npz_label.png,P26057367-3_SF.npz_annotation.png,SF,"['water', 'sand', 'veg', 'dev']",4,"[1, 2, 3]","[0, 1]","['water', 'sand']",5.0,1.0,1.0,2.0,2.0,0.9,0.22494,3
253,P26055100-0_EBG.npz_image.jpg,P26055100-0_EBG.npz_label.png,P26055100-0_EBG.npz_annotation.png,EBG,"['water', 'sand', 'veg', 'dev']",4,"[1, 2, 3]","[0, 1]","['water', 'sand']",3.0,1.0,1.0,4.0,8.0,3.0,0.0597,3
254,P26057536-0_SF.npz_image.jpg,P26057536-0_SF.npz_label.png,P26057536-0_SF.npz_annotation.png,SF,"['water', 'sand', 'veg', 'dev']",4,"[1, 2, 3]","[0, 1]","['water', 'sand']",4.0,1.0,73.0,2.0,2.0,0.9,0.18214133333333332,3
255,S21767206-0_RS.npz_image.jpg,S21767206-0_RS.npz_label.png,S21767206-0_RS.npz_annotation.png,RS,"['water', 'sand', 'veg', 'dev']",4,"[1, 2, 3]","[0, 1]","['water', 'sand']",3.0,1.0,1.0,2.0,2.0,0.9,0.048646666666666664,3
256,S21775631-2_SF.npz_image.jpg,S21775631-2_SF.npz_label.png,S21775631-2_SF.npz_annotation.png,SF,"['water', 'sand', 'veg', 'dev']",4,"[1, 2, 3]",[1],['sand'],5.0,1.0,44.0,2.0,2.0,0.9,0.00472,3
257,P26055969-3_EBG.npz_image.jpg,P26055969-3_EBG.npz_label.png,P26055969-3_EBG.npz_annotation.png,EBG,"['water', 'sand', 'veg', 'dev']",4,"[1, 2, 3]","[0, 1]","['water', 'sand']",3.0,1.0,1.0,4.0,8.0,3.0,0.135796,3
258,P28462791-2_SF.npz_image.jpg,P28462791-2_SF.npz_label.png,P28462791-2_SF.npz_annotation.png,SF,"['water', 'sand', 'veg', 'dev']",4,"[1, 2, 3]","[0, 1]","['water', 'sand']",2.0,1.0,45.0,1.0,1.0,0.9,0.10154266666666667,3
259,P26056863-3_RS.npz_image.jpg,P26056863-3_RS.npz_label.png,P26056863-3_RS.npz_annotation.png,RS,"['water', 'sand', 'vegetation', 'development']",4,"[1, 2, 3]",[1],['sand'],3.0,1.0,12.0,2.0,2.0,3.0,0.027124,3
260,P26058725-1_RS.npz_image.jpg,P26058725-1_RS.npz_label.png,P26058725-1_RS.npz_annotation.png,RS,"['water', 'sand', 'veg', 'dev']",4,"[1, 2, 3]","[0, 1]","['water', 'sand']",3.0,1.0,1.0,2.0,2.0,0.9,0.08202666666666666,3
261,S21770470-0_RS.npz_image.jpg,S21770470-0_RS.npz_label.png,S21770470-0_RS.npz_annotation.png,RS,"['water', 'sand', 'veg', 'dev']",4,"[1, 2, 3]","[0, 1]","['water', 'sand']",3.0,1.0,1.0,2.0,2.0,0.9,0.06629466666666667,3
262,P26058673-1_SF.npz_image.jpg,P26058673-1_SF.npz_label.png,P26058673-1_SF.npz_annotation.png,SF,"['water', 'sand', 'veg', 'dev']",4,"[1, 2, 3]","[0, 1]","['water', 'sand']",5.0,1.0,73.0,2.0,2.0,0.9,0.24387466666666666,3
263,S21770142-1_SF.npz_image.jpg,S21770142-1_SF.npz_label.png,S21770142-1_SF.npz_annotation.png,SF,"['water', 'sand', 'veg', 'dev']",4,"[1, 2, 3]","[0, 1]","['water', 'sand']",3.0,1.0,28.0,1.0,1.0,0.9,0.184424,3
264,S21770121-1_SF.npz_image.jpg,S21770121-1_SF.npz_label.png,S21770121-1_SF.npz_annotation.png,SF,"['water', 'sand', 'veg', 'dev']",4,"[1, 2, 3]","[0, 1]","['water', 'sand']",2.0,1.0,28.0,1.0,1.0,0.9,0.13495866666666667,3
265,P26058673-3_SF.npz_image.jpg,P26058673-3_SF.npz_label.png,P26058673-3_SF.npz_annotation.png,SF,"['water', 'sand', 'veg', 'dev']",4,"[1, 2, 3]",[1],['sand'],5.0,1.0,73.0,2.0,2.0,0.9,0.004252,3
266,S28473683-2_RS.npz_image.jpg,S28473683-2_RS.npz_label.png,S28473683-2_RS.npz_annotation.png,RS,"['water', 'sand', 'vegetation', 'development']",4,"[1, 2, 3]",[1],['sand'],3.0,1.0,12.0,2.0,2.0,3.0,0.020324,3
267,P26055972-3_EBG.npz_image.jpg,P26055972-3_EBG.npz_label.png,P26055972-3_EBG.npz_annotation.png,EBG,"['water', 'sand', 'veg', 'dev']",4,"[1, 2, 3]","[0, 1]","['water', 'sand']",3.0,1.0,1.0,4.0,8.0,3.0,0.14944533333333335,3
268,P21776460-1_RS.npz_image.jpg,P21776460-1_RS.npz_label.png,P21776460-1_RS.npz_annotation.png,RS,"['water', 'sand', 'veg', 'dev']",4,"[1, 2, 3]","[0, 1]","['water', 'sand']",3.0,1.0,1.0,2.0,2.0,0.9,0.029190666666666667,3
269,P26058499-2_SF.npz_image.jpg,P26058499-2_SF.npz_label.png,P26058499-2_SF.npz_annotation.png,SF,"['water', 'sand', 'veg', 'dev']",4,"[1, 2, 3]","[0, 1]","['water', 'sand']",5.0,1.0,72.0,2.0,2.0,0.9,0.26137466666666664,3
270,P26057367-2_SF.npz_image.jpg,P26057367-2_SF.npz_label.png,P26057367-2_SF.npz_annotation.png,SF,"['water', 'sand', 'veg', 'dev']",4,"[1, 2, 3]","[0, 1]","['water', 'sand']",5.0,1.0,1.0,2.0,2.0,0.9,0.27543866666666666,3
271,P26055468-1_EBG.npz_image.jpg,P26055468-1_EBG.npz_label.png,P26055468-1_EBG.npz_annotation.png,EBG,"['water', 'sand', 'veg', 'dev']",4,"[1, 2, 3]","[0, 1]","['water', 'sand']",3.0,1.0,1.0,4.0,8.0,3.0,0.08998666666666667,3
272,P26055100-2_EBG.npz_image.jpg,P26055100-2_EBG.npz_label.png,P26055100-2_EBG.npz_annotation.png,EBG,"['water', 'sand', 'veg', 'dev']",4,"[1, 2, 3]","[0, 1]","['water', 'sand']",3.0,1.0,1.0,4.0,8.0,3.0,0.09763866666666667,3
273,P26058155-3_SF.npz_image.jpg,P26058155-3_SF.npz_label.png,P26058155-3_SF.npz_annotation.png,SF,"['water', 'sand', 'veg', 'dev']",4,"[1, 2, 3]","[0, 1]","['water', 'sand']",5.0,1.0,73.0,2.0,2.0,0.9,0.099352,3
274,P26058387-2_SF.npz_image.jpg,P26058387-2_SF.npz_label.png,P26058387-2_SF.npz_annotation.png,SF,"['water', 'sand', 'veg', 'dev']",4,"[1, 2, 3]","[0, 1]","['water', 'sand']",5.0,1.0,73.0,2.0,2.0,0.9,0.143128,3
275,P26058725-2_RS.npz_image.jpg,P26058725-2_RS.npz_label.png,P26058725-2_RS.npz_annotation.png,RS,"['water', 'sand', 'veg', 'dev']",4,"[1, 2, 3]","[0, 1]","['water', 'sand']",3.0,1.0,1.0,2.0,2.0,0.9,0.05021066666666667,3
276,C26047791-2_EBG.npz_image.jpg,C26047791-2_EBG.npz_label.png,C26047791-2_EBG.npz_annotation.png,EBG,"['water', 'sand', 'veg', 'dev']",4,"[1, 2, 3]","[0, 1]","['water', 'sand']",3.0,1.0,1.0,4.0,8.0,3.0,0.07496138482023967,3
277,P26058589-3_SF.npz_image.jpg,P26058589-3_SF.npz_label.png,P26058589-3_SF.npz_annotation.png,SF,"['water', 'sand', 'veg', 'dev']",4,"[1, 2, 3]","[0, 1]","['water', 'sand']",5.0,1.0,72.0,2.0,2.0,0.9,0.24029333333333333,3
278,P26058556-3_SF.npz_image.jpg,P26058556-3_SF.npz_label.png,P26058556-3_SF.npz_annotation.png,SF,"['water', 'sand', 'veg', 'dev']",4,"[1, 2, 3]",[1],['sand'],5.0,1.0,72.0,2.0,2.0,0.9,0.0044933333333333336,3
279,S21770117-2_SF.npz_image.jpg,S21770117-2_SF.npz_label.png,S21770117-2_SF.npz_annotation.png,SF,"['water', 'sand', 'veg', 'dev']",4,"[1, 2, 3]","[0, 1]","['water', 'sand']",5.0,1.0,1.0,1.0,1.0,0.9,0.18198533333333333,3
280,P26056504-2_EBG.npz_image.jpg,P26056504-2_EBG.npz_label.png,P26056504-2_EBG.npz_annotation.png,EBG,"['water', 'sand', 'veg', 'dev']",4,"[1, 2, 3]","[0, 1]","['water', 'sand']",3.0,1.0,1.0,4.0,8.0,3.0,0.030144,3
281,P26059250-1_RS.npz_image.jpg,P26059250-1_RS.npz_label.png,P26059250-1_RS.npz_annotation.png,RS,"['water', 'sand', 'veg', 'dev']",4,"[1, 2, 3]","[0, 1]","['water', 'sand']",3.0,1.0,1.0,2.0,2.0,0.9,0.048953333333333335,3
282,S21770470-3_RS.npz_image.jpg,S21770470-3_RS.npz_label.png,S21770470-3_RS.npz_annotation.png,RS,"['water', 'sand', 'veg', 'dev']",4,"[1, 2, 3]",[1],['sand'],3.0,1.0,1.0,2.0,2.0,0.9,0.058737333333333336,3
283,P26047213-3_EBG.npz_image.jpg,P26047213-3_EBG.npz_label.png,P26047213-3_EBG.npz_annotation.png,EBG,"['water', 'sand', 'veg', 'dev']",4,"[1, 2, 3]","[0, 1]","['water', 'sand']",3.0,1.0,1.0,4.0,8.0,3.0,0.08890933333333334,3
284,P28460795-2_RS.npz_image.jpg,P28460795-2_RS.npz_label.png,P28460795-2_RS.npz_annotation.png,RS,"['water', 'sand', 'veg', 'dev']",4,"[1, 2, 3]",[1],['sand'],3.0,1.0,1.0,2.0,2.0,0.9,0.035652,3
285,P26056863-0_RS.npz_image.jpg,P26056863-0_RS.npz_label.png,P26056863-0_RS.npz_annotation.png,RS,"['water', 'sand', 'vegetation', 'development']",4,"[1, 2, 3]","[0, 1]","['water', 'sand']",3.0,1.0,12.0,2.0,2.0,3.0,0.06335866666666666,3
286,S21775030-1_RS.npz_image.jpg,S21775030-1_RS.npz_label.png,S21775030-1_RS.npz_annotation.png,RS,"['water', 'sand', 'veg', 'dev']",4,"[1, 2, 3]","[0, 1]","['water', 'sand']",3.0,1.0,1.0,2.0,2.0,0.9,0.045261333333333334,3
287,P26056431-1_EBG.npz_image.jpg,P26056431-1_EBG.npz_label.png,P26056431-1_EBG.npz_annotation.png,EBG,"['water', 'sand', 'veg', 'dev']",4,"[1, 2, 3]","[0, 1]","['water', 'sand']",3.0,1.0,1.0,4.0,8.0,3.0,0.0764,3
288,S21766832-0_SF.npz_image.jpg,S21766832-0_SF.npz_label.png,S21766832-0_SF.npz_annotation.png,SF,"['water', 'sand', 'veg', 'dev']",4,"[1, 2, 3]","[0, 1]","['water', 'sand']",3.0,1.0,45.0,2.0,2.0,0.9,0.23219066666666666,3
289,P28462771-0_SF.npz_image.jpg,P28462771-0_SF.npz_label.png,P28462771-0_SF.npz_annotation.png,SF,"['water', 'sand', 'veg', 'dev']",4,"[1, 2, 3]","[0, 1]","['water', 'sand']",2.0,1.0,73.0,2.0,2.0,0.9,0.185304,3
290,P26055468-2_EBG.npz_image.jpg,P26055468-2_EBG.npz_label.png,P26055468-2_EBG.npz_annotation.png,EBG,"['water', 'sand', 'veg', 'dev']",4,"[1, 2, 3]","[0, 1]","['water', 'sand']",3.0,1.0,1.0,4.0,8.0,3.0,0.12562533333333334,3
291,P26058139-3_SF.npz_image.jpg,P26058139-3_SF.npz_label.png,P26058139-3_SF.npz_annotation.png,SF,"['water', 'sand', 'veg', 'dev']",4,"[1, 2, 3]","[0, 1]","['water', 'sand']",5.0,1.0,72.0,2.0,2.0,0.9,0.1917,3
292,S21775133-2_RS.npz_image.jpg,S21775133-2_RS.npz_label.png,S21775133-2_RS.npz_annotation.png,RS,"['water', 'sand', 'veg', 'dev']",4,"[1, 2, 3]",[1],['sand'],3.0,1.0,1.0,2.0,2.0,0.9,0.05902,3
293,P26055100-1_EBG.npz_image.jpg,P26055100-1_EBG.npz_label.png,P26055100-1_EBG.npz_annotation.png,EBG,"['water', 'sand', 'veg', 'dev']",4,"[1, 2, 3]","[0, 1]","['water', 'sand']",3.0,1.0,1.0,4.0,8.0,3.0,0.091436,3
294,P26057581-0_SF.npz_image.jpg,P26057581-0_SF.npz_label.png,P26057581-0_SF.npz_annotation.png,SF,"['water', 'sand', 'veg', 'dev']",4,"[1, 2, 3]","[0, 1]","['water', 'sand']",3.0,1.0,73.0,2.0,2.0,0.9,0.231808,3
295,P26056694-1_EBG.npz_image.jpg,P26056694-1_EBG.npz_label.png,P26056694-1_EBG.npz_annotation.png,EBG,"['water', 'sand', 'veg', 'dev']",4,"[1, 2, 3]","[0, 1]","['water', 'sand']",3.0,1.0,1.0,4.0,8.0,3.0,0.106652,3
296,P26058601-3_SF.npz_image.jpg,P26058601-3_SF.npz_label.png,P26058601-3_SF.npz_annotation.png,SF,"['water', 'sand', 'veg', 'dev']",4,"[1, 2, 3]","[0, 1]","['water', 'sand']",5.0,1.0,72.0,2.0,2.0,0.9,0.165824,3
297,P26058673-0_SF.npz_image.jpg,P26058673-0_SF.npz_label.png,P26058673-0_SF.npz_annotation.png,SF,"['water', 'sand', 'veg', 'dev']",4,"[1, 2, 3]","[0, 1]","['water', 'sand']",5.0,1.0,73.0,2.0,2.0,0.9,0.18933333333333333,3
298,S21767206-2_RS.npz_image.jpg,S21767206-2_RS.npz_label.png,S21767206-2_RS.npz_annotation.png,RS,"['water', 'sand', 'veg', 'dev']",4,"[1, 2, 3]",[1],['sand'],3.0,1.0,1.0,2.0,2.0,0.9,0.057270666666666664,3
299,P26058502-0_SF.npz_image.jpg,P26058502-0_SF.npz_label.png,P26058502-0_SF.npz_annotation.png,SF,"['water', 'sand', 'veg', 'dev']",4,"[1, 2, 3]","[0, 1]","['water', 'sand']",4.0,1.0,73.0,2.0,2.0,0.9,0.166824,3
300,P26054689-0_EBG.npz_image.jpg,P26054689-0_EBG.npz_label.png,P26054689-0_EBG.npz_annotation.png,EBG,"['water', 'sand', 'veg', 'dev']",4,"[1, 2, 3]","[0, 1]","['water', 'sand']",3.0,1.0,1.0,4.0,8.0,3.0,0.10385333333333334,3
301,P26055529-3_RS.npz_image.jpg,P26055529-3_RS.npz_label.png,P26055529-3_RS.npz_annotation.png,RS,"['water', 'sand', 'vegetation', 'development']",4,"[1, 2, 3]","[0, 1]","['water', 'sand']",3.0,1.0,12.0,2.0,2.0,3.0,0.07152266666666666,3
302,P26056637-3_RS.npz_image.jpg,P26056637-3_RS.npz_label.png,P26056637-3_RS.npz_annotation.png,RS,"['water', 'sand', 'vegetation', 'development']",4,"[1, 2, 3]",[1],['sand'],3.0,1.0,12.0,2.0,2.0,3.0,0.03983066666666667,3
303,P26057536-2_SF.npz_image.jpg,P26057536-2_SF.npz_label.png,P26057536-2_SF.npz_annotation.png,SF,"['water', 'sand', 'veg', 'dev']",4,"[1, 2, 3]",[1],['sand'],5.0,1.0,73.0,2.0,2.0,0.9,0.004530666666666666,3
304,P26047213-0_EBG.npz_image.jpg,P26047213-0_EBG.npz_label.png,P26047213-0_EBG.npz_annotation.png,EBG,"['water', 'sand', 'veg', 'dev']",4,"[1, 2, 3]","[0, 1]","['water', 'sand']",3.0,1.0,1.0,4.0,8.0,3.0,0.10449866666666667,3
305,P26054257-3_EBG.npz_image.jpg,P26054257-3_EBG.npz_label.png,P26054257-3_EBG.npz_annotation.png,EBG,"['water', 'sand', 'veg', 'dev']",4,"[1, 2, 3]","[0, 1]","['water', 'sand']",3.0,1.0,1.0,4.0,8.0,3.0,0.10381733333333333,3
306,P26059250-2_RS.npz_image.jpg,P26059250-2_RS.npz_label.png,P26059250-2_RS.npz_annotation.png,RS,"['water', 'sand', 'veg', 'dev']",4,"[1, 2, 3]","[0, 1]","['water', 'sand']",3.0,1.0,1.0,2.0,2.0,0.9,0.07695333333333333,3
307,P26055468-0_EBG.npz_image.jpg,P26055468-0_EBG.npz_label.png,P26055468-0_EBG.npz_annotation.png,EBG,"['water', 'sand', 'veg', 'dev']",4,"[1, 2, 3]","[0, 1]","['water', 'sand']",3.0,1.0,1.0,4.0,8.0,3.0,0.060518666666666665,3
308,P26056694-2_EBG.npz_image.jpg,P26056694-2_EBG.npz_label.png,P26056694-2_EBG.npz_annotation.png,EBG,"['water', 'sand', 'veg', 'dev']",4,"[1, 2, 3]","[0, 1]","['water', 'sand']",3.0,1.0,1.0,4.0,8.0,3.0,0.25560666666666665,3
309,C26047972-0_EBG.npz_image.jpg,C26047972-0_EBG.npz_label.png,C26047972-0_EBG.npz_annotation.png,EBG,"['water', 'sand', 'veg', 'dev']",4,"[1, 2, 3]","[0, 1]","['water', 'sand']",3.0,1.0,1.0,4.0,8.0,3.0,0.09640558510638297,3
